state,year,poverty
AL,2019,12.9
AK,2019,10.2
AZ,2019,9.9
AR,2019,14.1
CA,2019,10.1
CO,2019,9.3
CT,2019,8.3
DE,2019,6.5
FL,2019,11.5
GA,2019,12.1
HI,2019,8.4
ID,2019,7.1
IL,2019,9.3
IN,2019,10.1
IA,2019,9.5
KS,2019,9.5
KY,2019,13.6
LA,2019,17.9
ME,2019,10.4
MD,2019,7
MA,2019,7.5
MI,2019,10.2
MN,2019,5.7
MS,2019,19.2
MO,2019,9.4
MT,2019,9.7
NE,2019,8.7
NV,2019,10.4
NH,2019,3.7
NJ,2019,6.3
NM,2019,15.3
NY,2019,12.5
NC,2019,12.7
ND,2019,8.1
OH,2019,12.4
OK,2019,10.8
OR,2019,8.1
PA,2019,8.7
RI,2019,9.2
SC,2019,15.1
SD,2019,10.6
TN,2019,13.1
TX,2019,11.1
UT,2019,7.3
VT,2019,8.6
VA,2019,8.8
WA,2019,7
WV,2019,13.9
WI,2019,8.4
WY,2019,9.2
AL,2018,16
AK,2018,13.1
AZ,2018,12.8
AR,2018,15.9
CA,2018,11.9
CO,2018,9.1
CT,2018,10.2
DE,2018,7.4
FL,2018,13.7
GA,2018,14.8
HI,2018,9.2
ID,2018,11.5
IL,2018,10.3
IN,2018,11.6
IA,2018,8.9
KS,2018,7.5
KY,2018,15.7
LA,2018,19
ME,2018,11.6
MD,2018,8
MA,2018,8.7
MI,2018,10.5
MN,2018,7.9
MS,2018,19.6
MO,2018,12.4
MT,2018,10.3
NE,2018,10.5
NV,2018,13
NH,2018,6.1
NJ,2018,8.2
NM,2018,16.6
NY,2018,11.1
NC,2018,13.1
ND,2018,9.7
OH,2018,11.9
OK,2018,13.4
OR,2018,9.7
PA,2018,11.8
RI,2018,8.9
SC,2018,12.8
SD,2018,10.6
TN,2018,12
TX,2018,13.7
UT,2018,6.9
VT,2018,9.7
VA,2018,9.8
WA,2018,8.6
WV,2018,15.9
WI,2018,8.6
WY,2018,9.5
AL,2017,15.3
AK,2017,12.1
AZ,2017,13.6
AR,2017,14.9
CA,2017,12.1
CO,2017,8.9
CT,2017,10.6
DE,2017,8.8
FL,2017,13.4
GA,2017,13.1
HI,2017,10.6
ID,2017,11.5
IL,2017,11.5
IN,2017,11.7
IA,2017,7.5
KS,2017,14.3
KY,2017,13.5
LA,2017,20.5
ME,2017,12.4
MD,2017,7.6
MA,2017,11.2
MI,2017,11.5
MN,2017,8.5
MS,2017,18.5
MO,2017,11.4
MT,2017,10.3
NE,2017,11.5
NV,2017,13.2
NH,2017,7.2
NJ,2017,9.9
NM,2017,19.7
NY,2017,12.7
NC,2017,15.2
ND,2017,12.4
OH,2017,12.9
OK,2017,12.8
OR,2017,11.5
PA,2017,10.9
RI,2017,11.3
SC,2017,15.2
SD,2017,10.7
TN,2017,11.3
TX,2017,13.2
UT,2017,8.7
VT,2017,8.6
VA,2017,10.5
WA,2017,10.9
WV,2017,17.1
WI,2017,9.2
WY,2017,13
AL,2017,15
AK,2017,14.4
AZ,2017,13.2
AR,2017,14.8
CA,2017,12.4
CO,2017,7.7
CT,2017,10.9
DE,2017,9.2
FL,2017,13.7
GA,2017,13.3
HI,2017,10.3
ID,2017,11.7
IL,2017,10.9
IN,2017,11.4
IA,2017,9.1
KS,2017,14.7
KY,2017,14.4
LA,2017,21.4
ME,2017,12
MD,2017,7.8
MA,2017,10.6
MI,2017,12.7
MN,2017,9.2
MS,2017,18.3
MO,2017,11.1
MT,2017,9.7
NE,2017,10.4
NV,2017,13.7
NH,2017,6.6
NJ,2017,8.6
NM,2017,18.6
NY,2017,13.4
NC,2017,14.5
ND,2017,11.3
OH,2017,12.7
OK,2017,12.6
OR,2017,10.2
PA,2017,11.2
RI,2017,12.2
SC,2017,15.6
SD,2017,10.4
TN,2017,11.5
TX,2017,13.4
UT,2017,8.6
VT,2017,10.2
VA,2017,10.3
WA,2017,9.9
WV,2017,17.3
WI,2017,9.5
WY,2017,12.4
AL,2016,16.2
AK,2016,12.6
AZ,2016,16.1
AR,2016,16
CA,2016,13.9
CO,2016,8.5
CT,2016,9.8
DE,2016,11.6
FL,2016,13
GA,2016,15.4
HI,2016,9.3
ID,2016,11.1
IL,2016,12.1
IN,2016,11.8
IA,2016,9.8
KS,2016,11.2
KY,2016,15.2
LA,2016,20.2
ME,2016,12.7
MD,2016,7.1
MA,2016,9.6
MI,2016,11.1
MN,2016,8.7
MS,2016,21.1
MO,2016,13
MT,2016,11.7
NE,2016,9.6
NV,2016,10.1
NH,2016,6.4
NJ,2016,9.4
NM,2016,17.8
NY,2016,11.9
NC,2016,13.6
ND,2016,11.1
OH,2016,13.7
OK,2016,14.6
OR,2016,11.8
PA,2016,11.1
RI,2016,11.4
SC,2016,14.1
SD,2016,14.5
TN,2016,14.9
TX,2016,13.8
UT,2016,8.6
VT,2016,9.6
VA,2016,11.4
WA,2016,11
WV,2016,18
WI,2016,10.7
WY,2016,10.9
AL,2015,16.3
AK,2015,9.2
AZ,2015,17.2
AR,2015,16.1
CA,2015,13.9
CO,2015,9.9
CT,2015,9.1
DE,2015,11.1
FL,2015,16.2
GA,2015,18.1
HI,2015,10.9
ID,2015,12.3
IL,2015,10.9
IN,2015,13.5
IA,2015,10.4
KS,2015,14.2
KY,2015,19.5
LA,2015,18.6
ME,2015,12.3
MD,2015,9.6
MA,2015,11.5
MI,2015,12.8
MN,2015,7.8
MS,2015,19.1
MO,2015,9.8
MT,2015,11.9
NE,2015,10.3
NV,2015,13
NH,2015,7.3
NJ,2015,11.2
NM,2015,19.7
NY,2015,14.2
NC,2015,15.3
ND,2015,10.7
OH,2015,13.6
OK,2015,14.2
OR,2015,11.9
PA,2015,12.3
RI,2015,11.8
SC,2015,14.3
SD,2015,13.9
TN,2015,14.7
TX,2015,14.7
UT,2015,9.3
VT,2015,10.7
VA,2015,10.9
WA,2015,11.4
WV,2015,14.5
WI,2015,11.4
WY,2015,9.8
AL,2014,17.8
AK,2014,11.9
AZ,2014,21.2
AR,2014,18.4
CA,2014,15.8
CO,2014,12.3
CT,2014,8.6
DE,2014,11
FL,2014,16.7
GA,2014,16.8
HI,2014,10.8
ID,2014,12.4
IL,2014,13.7
IN,2014,14.6
IA,2014,10.3
KS,2014,12.1
KY,2014,20
LA,2014,23.1
ME,2014,14.6
MD,2014,9.8
MA,2014,13.6
MI,2014,14.8
MN,2014,8.3
MS,2014,22.1
MO,2014,10.4
MT,2014,12
NE,2014,11.8
NV,2014,17
NH,2014,7.2
NJ,2014,11.3
NM,2014,20
NY,2014,14
NC,2014,17.1
ND,2014,9.7
OH,2014,15.6
OK,2014,17.3
OR,2014,14.4
PA,2014,12.5
RI,2014,11.3
SC,2014,16.5
SD,2014,12.8
TN,2014,17.3
TX,2014,16.4
UT,2014,10.2
VT,2014,9.3
VA,2014,10.2
WA,2014,12
WV,2014,20.6
WI,2014,10.9
WY,2014,9.7
AL,2013,18.5
AK,2013,9.7
AZ,2013,17.8
AR,2013,13.9
CA,2013,15.1
CO,2013,10.7
CT,2013,10.9
DE,2013,11.2
FL,2013,14.8
GA,2013,18.5
HI,2013,10.6
ID,2013,12.4
IL,2013,13.6
IN,2013,16.5
IA,2013,13.2
KS,2013,11.4
KY,2013,22
LA,2013,21.2
ME,2013,11.4
MD,2013,10.5
MA,2013,12.1
MI,2013,12.7
MN,2013,11
MS,2013,19.1
MO,2013,17.5
MT,2013,10.5
NE,2013,10.5
NV,2013,14.5
NH,2013,5.5
NJ,2013,9.9
NM,2013,25.8
NY,2013,17.3
NC,2013,14.7
ND,2013,13.2
OH,2013,14.9
OK,2013,21.2
OR,2013,14
PA,2013,11.2
RI,2013,9.3
SC,2013,19.3
SD,2013,13.3
TN,2013,15.5
TX,2013,16.9
UT,2013,12.2
VT,2013,6.8
VA,2013,9.8
WA,2013,12.2
WV,2013,19.8
WI,2013,13.5
WY,2013,11.4
AL,2012,16.2
AK,2012,10
AZ,2012,19
AR,2012,20.1
CA,2012,15.9
CO,2012,11.9
CT,2012,10.3
DE,2012,13.5
FL,2012,15.3
GA,2012,18.1
HI,2012,13.8
ID,2012,14.4
IL,2012,12.6
IN,2012,15.2
IA,2012,10.3
KS,2012,14
KY,2012,17.9
LA,2012,21.1
ME,2012,12.8
MD,2012,9.9
MA,2012,11.3
MI,2012,13.7
MN,2012,10
MS,2012,22
MO,2012,15.2
MT,2012,13.4
NE,2012,12.2
NV,2012,15.8
NH,2012,8.1
NJ,2012,9.3
NM,2012,20.4
NY,2012,17.2
NC,2012,17.2
ND,2012,11.4
OH,2012,15.4
OK,2012,18
OR,2012,13.5
PA,2012,13.9
RI,2012,13.6
SC,2012,16.7
SD,2012,12.8
TN,2012,18.6
TX,2012,17
UT,2012,11
VT,2012,11.2
VA,2012,10.6
WA,2012,11.6
WV,2012,16.7
WI,2012,11.4
WY,2012,9.6
AL,2011,15.4
AK,2011,11.7
AZ,2011,17.2
AR,2011,18.7
CA,2011,16.9
CO,2011,13.2
CT,2011,10.1
DE,2011,13.7
FL,2011,14.9
GA,2011,18.4
HI,2011,12.1
ID,2011,15.7
IL,2011,14.2
IN,2011,15.6
IA,2011,10.4
KS,2011,14.3
KY,2011,16
LA,2011,21.1
ME,2011,13.4
MD,2011,9.3
MA,2011,10.6
MI,2011,15
MN,2011,10
MS,2011,17.4
MO,2011,15.4
MT,2011,16.5
NE,2011,10.2
NV,2011,15.5
NH,2011,7.6
NJ,2011,11.4
NM,2011,22.2
NY,2011,16
NC,2011,15.4
ND,2011,9.9
OH,2011,15.1
OK,2011,13.9
OR,2011,14.4
PA,2011,12.6
RI,2011,13.4
SC,2011,19
SD,2011,14.5
TN,2011,16.3
TX,2011,17.4
UT,2011,11
VT,2011,11.6
VA,2011,11.4
WA,2011,12.5
WV,2011,17.5
WI,2011,13.1
WY,2011,10.7
AL,2010,17.2
AK,2010,12.5
AZ,2010,18.8
AR,2010,15.3
CA,2010,16.3
CO,2010,12.3
CT,2010,8.6
DE,2010,12.2
FL,2010,16
GA,2010,18.8
HI,2010,12.4
ID,2010,13.8
IL,2010,14.1
IN,2010,16.3
IA,2010,10.3
KS,2010,14.5
KY,2010,17.7
LA,2010,21.5
ME,2010,12.6
MD,2010,10.9
MA,2010,10.9
MI,2010,15.7
MN,2010,10.8
MS,2010,22.5
MO,2010,15
MT,2010,14.5
NE,2010,10.2
NV,2010,16.6
NH,2010,6.5
NJ,2010,11.1
NM,2010,18.3
NY,2010,16
NC,2010,17.4
ND,2010,12.6
OH,2010,15.4
OK,2010,16.3
OR,2010,14.3
PA,2010,12.2
RI,2010,14
SC,2010,16.9
SD,2010,13.6
TN,2010,16.7
TX,2010,18.4
UT,2010,10
VT,2010,10.8
VA,2010,10.7
WA,2010,11.6
WV,2010,16.8
WI,2010,10.1
WY,2010,9.6
AL,2009,16.6
AK,2009,11.7
AZ,2009,21.2
AR,2009,18.9
CA,2009,15.3
CO,2009,12.3
CT,2009,8.4
DE,2009,12.3
FL,2009,14.6
GA,2009,18.4
HI,2009,12.5
ID,2009,13.7
IL,2009,13.2
IN,2009,16.1
IA,2009,10.7
KS,2009,13.7
KY,2009,17
LA,2009,14.3
ME,2009,11.4
MD,2009,9.6
MA,2009,10.8
MI,2009,14
MN,2009,11.1
MS,2009,23.1
MO,2009,15.5
MT,2009,13.5
NE,2009,9.9
NV,2009,13
NH,2009,7.8
NJ,2009,9.3
NM,2009,19.3
NY,2009,15.8
NC,2009,16.9
ND,2009,10.9
OH,2009,13.3
OK,2009,12.9
OR,2009,13.4
PA,2009,11.1
RI,2009,13
SC,2009,13.7
SD,2009,14.1
TN,2009,16.5
TX,2009,17.3
UT,2009,9.7
VT,2009,9.4
VA,2009,10.7
WA,2009,11.7
WV,2009,15.8
WI,2009,10.8
WY,2009,9.2
AL,2008,14.3
AK,2008,8.2
AZ,2008,18
AR,2008,15.3
CA,2008,14.6
CO,2008,11
CT,2008,8.1
DE,2008,9.6
FL,2008,13.1
GA,2008,15.5
HI,2008,9.9
ID,2008,12.2
IL,2008,12.3
IN,2008,14.3
IA,2008,9.5
KS,2008,12.7
KY,2008,17.1
LA,2008,18.2
ME,2008,12
MD,2008,8.7
MA,2008,11.3
MI,2008,13
MN,2008,9.9
MS,2008,18.1
MO,2008,13.3
MT,2008,12.9
NE,2008,10.6
NV,2008,10.8
NH,2008,7
NJ,2008,9.2
NM,2008,19.3
NY,2008,14.2
NC,2008,13.9
ND,2008,11.8
OH,2008,13.7
OK,2008,13.6
OR,2008,10.6
PA,2008,11
RI,2008,12.7
SC,2008,14
SD,2008,13.1
TN,2008,15
TX,2008,15.9
UT,2008,7.6
VT,2008,9
VA,2008,10.3
WA,2008,10.4
WV,2008,14.5
WI,2008,9.8
WY,2008,10.1
AL,2007,14.5
AK,2007,7.6
AZ,2007,14.3
AR,2007,13.8
CA,2007,12.7
CO,2007,9.8
CT,2007,8.9
DE,2007,9.3
FL,2007,12.5
GA,2007,13.6
HI,2007,7.5
ID,2007,9.9
IL,2007,10
IN,2007,11.8
IA,2007,8.9
KS,2007,11.7
KY,2007,15.5
LA,2007,16.1
ME,2007,10.9
MD,2007,8.8
MA,2007,11.2
MI,2007,10.8
MN,2007,9.3
MS,2007,22.6
MO,2007,12.8
MT,2007,13
NE,2007,9.9
NV,2007,9.7
NH,2007,5.8
NJ,2007,8.7
NM,2007,14
NY,2007,14.5
NC,2007,15.5
ND,2007,9.3
OH,2007,12.8
OK,2007,13.4
OR,2007,12.8
PA,2007,10.4
RI,2007,9.5
SC,2007,14.1
SD,2007,9.4
TN,2007,14.8
TX,2007,16.5
UT,2007,9.6
VT,2007,9.9
VA,2007,8.6
WA,2007,10.2
WV,2007,14.8
WI,2007,11
WY,2007,10.9
AL,2006,14.3
AK,2006,8.9
AZ,2006,14.4
AR,2006,17.7
CA,2006,12.2
CO,2006,9.7
CT,2006,8
DE,2006,9.3
FL,2006,11.5
GA,2006,12.6
HI,2006,9.2
ID,2006,9.5
IL,2006,10.6
IN,2006,10.6
IA,2006,10.3
KS,2006,12.8
KY,2006,16.8
LA,2006,17
ME,2006,10.2
MD,2006,8.4
MA,2006,12
MI,2006,13.3
MN,2006,8.2
MS,2006,20.6
MO,2006,11.4
MT,2006,13.5
NE,2006,10.2
NV,2006,9.5
NH,2006,5.4
NJ,2006,8.8
NM,2006,16.9
NY,2006,14
NC,2006,13.8
ND,2006,11.4
OH,2006,12.1
OK,2006,15.2
OR,2006,11.8
PA,2006,11.3
RI,2006,10.5
SC,2006,11.2
SD,2006,10.7
TN,2006,14.9
TX,2006,16.4
UT,2006,9.3
VT,2006,7.8
VA,2006,8.6
WA,2006,8
WV,2006,15.3
WI,2006,10.1
WY,2006,10
AL,2005,16.7
AK,2005,10
AZ,2005,15.2
AR,2005,13.8
CA,2005,13.2
CO,2005,11.4
CT,2005,9.3
DE,2005,9.2
FL,2005,11.1
GA,2005,14.4
HI,2005,8.6
ID,2005,9.9
IL,2005,11.5
IN,2005,12.6
IA,2005,11.3
KS,2005,12.5
KY,2005,14.8
LA,2005,18.3
ME,2005,12.6
MD,2005,9.7
MA,2005,10.1
MI,2005,12
MN,2005,8.1
MS,2005,20.1
MO,2005,11.6
MT,2005,13.8
NE,2005,9.5
NV,2005,10.6
NH,2005,5.6
NJ,2005,6.8
NM,2005,17.9
NY,2005,14.5
NC,2005,13.1
ND,2005,11.2
OH,2005,12.3
OK,2005,15.6
OR,2005,12
PA,2005,11.2
RI,2005,12.1
SC,2005,15
SD,2005,11.8
TN,2005,14.9
TX,2005,16.2
UT,2005,9.2
VT,2005,7.6
VA,2005,9.2
WA,2005,10.2
WV,2005,15.4
WI,2005,10.2
WY,2005,10.6
AL,2004,16.9
AK,2004,9.1
AZ,2004,14.4
AR,2004,15.1
CA,2004,13.2
CO,2004,10
CT,2004,10.1
DE,2004,9
FL,2004,11.6
GA,2004,13
HI,2004,8.6
ID,2004,9.9
IL,2004,12.3
IN,2004,11.6
IA,2004,10.9
KS,2004,11.4
KY,2004,17.8
LA,2004,16.8
ME,2004,11.6
MD,2004,9.9
MA,2004,9.3
MI,2004,13.3
MN,2004,7
MS,2004,18.7
MO,2004,12.2
MT,2004,14.2
NE,2004,9.5
NV,2004,10.9
NH,2004,5.5
NJ,2004,8
NM,2004,16.5
NY,2004,15
NC,2004,14.6
ND,2004,9.7
OH,2004,11.6
OK,2004,10.8
OR,2004,11.8
PA,2004,11.4
RI,2004,11.5
SC,2004,14.9
SD,2004,13.5
TN,2004,15.9
TX,2004,16.5
UT,2004,10.1
VT,2004,7.8
VA,2004,9.4
WA,2004,11.4
WV,2004,14.2
WI,2004,12.4
WY,2004,10
AL,2003,15
AK,2003,9.6
AZ,2003,13.5
AR,2003,17.8
CA,2003,13.1
CO,2003,9.7
CT,2003,8.1
DE,2003,7.3
FL,2003,12.7
GA,2003,11.9
HI,2003,9.3
ID,2003,10.2
IL,2003,12.6
IN,2003,9.9
IA,2003,8.9
KS,2003,10.8
KY,2003,14.4
LA,2003,17
ME,2003,11.6
MD,2003,8.6
MA,2003,10.3
MI,2003,11.4
MN,2003,7.4
MS,2003,16
MO,2003,10.7
MT,2003,15.1
NE,2003,9.8
NV,2003,10.9
NH,2003,5.8
NJ,2003,8.6
NM,2003,18.1
NY,2003,14.3
NC,2003,15.7
ND,2003,9.7
OH,2003,10.9
OK,2003,12.8
OR,2003,12.5
PA,2003,10.5
RI,2003,11.5
SC,2003,12.7
SD,2003,12.7
TN,2003,14
TX,2003,17
UT,2003,9.1
VT,2003,8.5
VA,2003,10
WA,2003,12.6
WV,2003,17.4
WI,2003,9.8
WY,2003,9.8
AL,2002,14.5
AK,2002,8.8
AZ,2002,13.5
AR,2002,19.8
CA,2002,13.1
CO,2002,9.8
CT,2002,8.3
DE,2002,9.1
FL,2002,12.6
GA,2002,11.2
HI,2002,11.3
ID,2002,11.3
IL,2002,12.8
IN,2002,9.1
IA,2002,9.2
KS,2002,10.1
KY,2002,14.2
LA,2002,17.5
ME,2002,13.4
MD,2002,7.4
MA,2002,10
MI,2002,11.6
MN,2002,6.5
MS,2002,18.4
MO,2002,9.9
MT,2002,13.5
NE,2002,10.6
NV,2002,8.9
NH,2002,5.8
NJ,2002,7.9
NM,2002,17.9
NY,2002,14
NC,2002,14.3
ND,2002,11.6
OH,2002,9.8
OK,2002,14.1
OR,2002,10.9
PA,2002,9.5
RI,2002,11
SC,2002,14.3
SD,2002,11.5
TN,2002,14.8
TX,2002,15.6
UT,2002,9.9
VT,2002,9.9
VA,2002,9.9
WA,2002,11
WV,2002,16.8
WI,2002,8.6
WY,2002,9
AL,2001,15.9
AK,2001,8.5
AZ,2001,14.6
AR,2001,17.8
CA,2001,12.6
CO,2001,8.7
CT,2001,7.3
DE,2001,6.7
FL,2001,12.7
GA,2001,12.9
HI,2001,11.4
ID,2001,11.5
IL,2001,10.1
IN,2001,8.5
IA,2001,7.4
KS,2001,10.1
KY,2001,12.6
LA,2001,16.2
ME,2001,10.3
MD,2001,7.2
MA,2001,8.9
MI,2001,9.4
MN,2001,7.4
MS,2001,19.3
MO,2001,9.7
MT,2001,13.3
NE,2001,9.4
NV,2001,7.1
NH,2001,6.5
NJ,2001,8.1
NM,2001,18
NY,2001,14.2
NC,2001,12.5
ND,2001,13.8
OH,2001,10.5
OK,2001,15.1
OR,2001,11.8
PA,2001,9.6
RI,2001,9.6
SC,2001,15.1
SD,2001,8.4
TN,2001,14.1
TX,2001,14.9
UT,2001,10.5
VT,2001,9.7
VA,2001,8
WA,2001,10.7
WV,2001,16.4
WI,2001,7.9
WY,2001,8.7
AL,2000,13.3
AK,2000,7.6
AZ,2000,11.7
AR,2000,16.5
CA,2000,12.7
CO,2000,9.8
CT,2000,7.7
DE,2000,8.4
FL,2000,11
GA,2000,12.1
HI,2000,8.9
ID,2000,12.5
IL,2000,10.7
IN,2000,8.5
IA,2000,8.3
KS,2000,8
KY,2000,12.6
LA,2000,17.2
ME,2000,10.1
MD,2000,7.4
MA,2000,9.8
MI,2000,9.9
MN,2000,5.7
MS,2000,14.9
MO,2000,9.2
MT,2000,14.1
NE,2000,8.6
NV,2000,8.8
NH,2000,4.5
NJ,2000,7.3
NM,2000,17.5
NY,2000,13.9
NC,2000,12.5
ND,2000,10.4
OH,2000,10
OK,2000,14.9
OR,2000,10.9
PA,2000,8.6
RI,2000,10.2
SC,2000,11.1
SD,2000,10.7
TN,2000,13.5
TX,2000,15.5
UT,2000,7.6
VT,2000,10
VA,2000,8.3
WA,2000,10.8
WV,2000,14.7
WI,2000,9.3
WY,2000,10.8
AL,1999,15.2
AK,1999,7.6
AZ,1999,12.2
AR,1999,14.7
CA,1999,14
CO,1999,8.5
CT,1999,7.2
DE,1999,10.4
FL,1999,12.4
GA,1999,12.8
HI,1999,10.8
ID,1999,14.1
IL,1999,9.9
IN,1999,6.7
IA,1999,7.4
KS,1999,12.3
KY,1999,12.1
LA,1999,19.2
ME,1999,10.6
MD,1999,7.3
MA,1999,11.8
MI,1999,9.7
MN,1999,7.3
MS,1999,16.2
MO,1999,11.7
MT,1999,15.8
NE,1999,11
NV,1999,11.3
NH,1999,7.6
NJ,1999,7.8
NM,1999,20.9
NY,1999,14.2
NC,1999,13.8
ND,1999,13.1
OH,1999,12
OK,1999,12.8
OR,1999,12.6
PA,1999,9.3
RI,1999,10
SC,1999,11.7
SD,1999,7.7
TN,1999,11.9
TX,1999,15.2
UT,1999,5.7
VT,1999,9.6
VA,1999,7.9
WA,1999,9.6
WV,1999,15.7
WI,1999,8.6
WY,1999,11.6
AL,1998,14.5
AK,1998,9.4
AZ,1998,16.6
AR,1998,14.7
CA,1998,15.4
CO,1998,9.2
CT,1998,9.5
DE,1998,10.3
FL,1998,13.1
GA,1998,13.5
HI,1998,10.9
ID,1998,13
IL,1998,10.1
IN,1998,9.4
IA,1998,9.1
KS,1998,9.6
KY,1998,13.5
LA,1998,19.1
ME,1998,10.4
MD,1998,7.2
MA,1998,8.7
MI,1998,11
MN,1998,10.3
MS,1998,17.6
MO,1998,9.8
MT,1998,16.6
NE,1998,12.3
NV,1998,10.6
NH,1998,9.8
NJ,1998,8.6
NM,1998,20.4
NY,1998,16.7
NC,1998,14
ND,1998,15.1
OH,1998,11.2
OK,1998,14.1
OR,1998,15
PA,1998,11.3
RI,1998,11.6
SC,1998,13.7
SD,1998,10.8
TN,1998,13.4
TX,1998,15.1
UT,1998,9
VT,1998,9.9
VA,1998,8.8
WA,1998,8.9
WV,1998,17.8
WI,1998,8.8
WY,1998,10.6
AL,1997,15.7
AK,1997,8.8
AZ,1997,17.2
AR,1997,19.7
CA,1997,16.6
CO,1997,8.2
CT,1997,8.6
DE,1997,9.6
FL,1997,14.3
GA,1997,14.5
HI,1997,13.9
ID,1997,14.7
IL,1997,11.2
IN,1997,8.8
IA,1997,9.6
KS,1997,9.7
KY,1997,15.9
LA,1997,16.3
ME,1997,10.1
MD,1997,8.4
MA,1997,12.2
MI,1997,10.3
MN,1997,9.6
MS,1997,16.7
MO,1997,11.8
MT,1997,15.6
NE,1997,9.8
NV,1997,11
NH,1997,9.1
NJ,1997,9.3
NM,1997,21.2
NY,1997,16.5
NC,1997,11.4
ND,1997,13.6
OH,1997,11
OK,1997,13.7
OR,1997,11.6
PA,1997,11.2
RI,1997,12.7
SC,1997,13.1
SD,1997,16.5
TN,1997,14.3
TX,1997,16.7
UT,1997,8.9
VT,1997,9.3
VA,1997,12.7
WA,1997,9.2
WV,1997,16.4
WI,1997,8.2
WY,1997,13.5
AL,1996,14
AK,1996,8.2
AZ,1996,20.5
AR,1996,17.2
CA,1996,16.9
CO,1996,10.6
CT,1996,11.7
DE,1996,8.6
FL,1996,14.2
GA,1996,14.8
HI,1996,12.1
ID,1996,11.9
IL,1996,12.1
IN,1996,7.5
IA,1996,9.6
KS,1996,11.2
KY,1996,17
LA,1996,20.5
ME,1996,11.2
MD,1996,10.3
MA,1996,10.1
MI,1996,11.2
MN,1996,9.8
MS,1996,20.6
MO,1996,9.5
MT,1996,17
NE,1996,10.2
NV,1996,8.1
NH,1996,6.4
NJ,1996,9.2
NM,1996,25.5
NY,1996,16.7
NC,1996,12.2
ND,1996,11
OH,1996,12.7
OK,1996,16.6
OR,1996,11.8
PA,1996,11.6
RI,1996,11
SC,1996,13
SD,1996,11.8
TN,1996,15.9
TX,1996,16.6
UT,1996,7.7
VT,1996,12.6
VA,1996,12.3
WA,1996,11.9
WV,1996,18.5
WI,1996,8.8
WY,1996,11.9
AL,1995,20.1
AK,1995,7.1
AZ,1995,16.1
AR,1995,14.9
CA,1995,16.7
CO,1995,8.8
CT,1995,9.7
DE,1995,10.3
FL,1995,16.2
GA,1995,12.1
HI,1995,10.3
ID,1995,14.5
IL,1995,12.4
IN,1995,9.6
IA,1995,12.2
KS,1995,10.8
KY,1995,14.7
LA,1995,19.7
ME,1995,11.2
MD,1995,10.1
MA,1995,11
MI,1995,12.2
MN,1995,9.2
MS,1995,23.5
MO,1995,9.4
MT,1995,15.3
NE,1995,9.6
NV,1995,11.1
NH,1995,5.3
NJ,1995,7.8
NM,1995,25.3
NY,1995,16.5
NC,1995,12.6
ND,1995,12
OH,1995,11.5
OK,1995,17.1
OR,1995,11.2
PA,1995,12.2
RI,1995,10.6
SC,1995,19.9
SD,1995,14.5
TN,1995,15.5
TX,1995,17.4
UT,1995,8.4
VT,1995,10.3
VA,1995,10.2
WA,1995,12.5
WV,1995,16.7
WI,1995,8.5
WY,1995,12.2
AL,1994,16.4
AK,1994,10.2
AZ,1994,15.9
AR,1994,15.3
CA,1994,17.9
CO,1994,9
CT,1994,10.8
DE,1994,8.3
FL,1994,14.9
GA,1994,14
HI,1994,8.7
ID,1994,12
IL,1994,12.4
IN,1994,13.7
IA,1994,10.7
KS,1994,14.9
KY,1994,18.5
LA,1994,25.7
ME,1994,9.4
MD,1994,10.7
MA,1994,9.7
MI,1994,14.1
MN,1994,11.7
MS,1994,19.9
MO,1994,15.6
MT,1994,11.5
NE,1994,8.8
NV,1994,11.1
NH,1994,7.7
NJ,1994,9.2
NM,1994,21.1
NY,1994,17
NC,1994,14.2
ND,1994,10.4
OH,1994,14.1
OK,1994,16.7
OR,1994,11.8
PA,1994,12.5
RI,1994,10.3
SC,1994,13.8
SD,1994,14.5
TN,1994,14.6
TX,1994,19.1
UT,1994,8
VT,1994,7.6
VA,1994,10.7
WA,1994,11.7
WV,1994,18.6
WI,1994,9
WY,1994,9.3
AL,1993,17.4
AK,1993,9.1
AZ,1993,15.4
AR,1993,20
CA,1993,18.2
CO,1993,9.9
CT,1993,8.5
DE,1993,10.2
FL,1993,17.8
GA,1993,13.5
HI,1993,8
ID,1993,13.1
IL,1993,13.6
IN,1993,12.2
IA,1993,10.3
KS,1993,13.1
KY,1993,20.4
LA,1993,26.4
ME,1993,15.4
MD,1993,9.7
MA,1993,10.7
MI,1993,15.4
MN,1993,11.6
MS,1993,24.7
MO,1993,16.1
MT,1993,14.9
NE,1993,10.3
NV,1993,9.8
NH,1993,9.9
NJ,1993,10.9
NM,1993,17.4
NY,1993,16.4
NC,1993,14.4
ND,1993,11.2
OH,1993,13
OK,1993,19.9
OR,1993,11.8
PA,1993,13.2
RI,1993,11.2
SC,1993,18.7
SD,1993,14.2
TN,1993,19.6
TX,1993,17.4
UT,1993,10.7
VT,1993,10
VA,1993,9.7
WA,1993,12.1
WV,1993,22.2
WI,1993,12.6
WY,1993,13.3
AL,1992,17.3
AK,1992,10.2
AZ,1992,15.8
AR,1992,17.5
CA,1992,16.4
CO,1992,10.8
CT,1992,9.8
DE,1992,7.8
FL,1992,15.6
GA,1992,17.7
HI,1992,11.2
ID,1992,15.2
IL,1992,15.6
IN,1992,11.8
IA,1992,11.5
KS,1992,11.1
KY,1992,19.7
LA,1992,24.5
ME,1992,13.5
MD,1992,11.8
MA,1992,10.3
MI,1992,13.6
MN,1992,13
MS,1992,24.6
MO,1992,15.7
MT,1992,13.8
NE,1992,10.6
NV,1992,14.7
NH,1992,8.7
NJ,1992,10.3
NM,1992,21.6
NY,1992,15.7
NC,1992,15.8
ND,1992,12.1
OH,1992,12.5
OK,1992,18.6
OR,1992,11.4
PA,1992,11.9
RI,1992,12.4
SC,1992,19
SD,1992,15.1
TN,1992,17
TX,1992,18.3
UT,1992,9.4
VT,1992,10.5
VA,1992,9.5
WA,1992,11.2
WV,1992,22.3
WI,1992,10.9
WY,1992,10.3
AL,1991,18.8
AK,1991,11.8
AZ,1991,14.8
AR,1991,17.3
CA,1991,15.7
CO,1991,10.4
CT,1991,8.6
DE,1991,7.5
FL,1991,15.4
GA,1991,17.2
HI,1991,7.7
ID,1991,13.9
IL,1991,13.5
IN,1991,15.7
IA,1991,9.6
KS,1991,12.3
KY,1991,18.8
LA,1991,19
ME,1991,14.1
MD,1991,9.1
MA,1991,11
MI,1991,14.1
MN,1991,12.9
MS,1991,23.7
MO,1991,14.8
MT,1991,15.4
NE,1991,9.5
NV,1991,11.4
NH,1991,7.3
NJ,1991,9.7
NM,1991,22.4
NY,1991,15.3
NC,1991,14.5
ND,1991,14.5
OH,1991,13.4
OK,1991,17
OR,1991,13.5
PA,1991,11
RI,1991,10.4
SC,1991,16.4
SD,1991,14
TN,1991,15.5
TX,1991,17.5
UT,1991,12.9
VT,1991,12.6
VA,1991,9.9
WA,1991,9.5
WV,1991,17.9
WI,1991,9.9
WY,1991,9.9
AL,1990,19.2
AK,1990,11.4
AZ,1990,13.7
AR,1990,19.6
CA,1990,13.9
CO,1990,13.7
CT,1990,6
DE,1990,6.9
FL,1990,14.4
GA,1990,15.8
HI,1990,11
ID,1990,14.9
IL,1990,13.7
IN,1990,13
IA,1990,10.4
KS,1990,10.3
KY,1990,17.3
LA,1990,23.6
ME,1990,13.1
MD,1990,9.9
MA,1990,10.7
MI,1990,14.3
MN,1990,12
MS,1990,25.7
MO,1990,13.4
MT,1990,16.3
NE,1990,10.3
NV,1990,9.8
NH,1990,6.3
NJ,1990,9.2
NM,1990,20.9
NY,1990,14.3
NC,1990,13
ND,1990,13.7
OH,1990,11.5
OK,1990,15.6
OR,1990,9.2
PA,1990,11
RI,1990,7.5
SC,1990,16.2
SD,1990,13.3
TN,1990,16.9
TX,1990,15.9
UT,1990,8.2
VT,1990,10.9
VA,1990,11.1
WA,1990,8.9
WV,1990,18.1
WI,1990,9.3
WY,1990,11
AL,1989,18.9
AK,1989,10.5
AZ,1989,14.1
AR,1989,18.3
CA,1989,12.9
CO,1989,12.1
CT,1989,2.9
DE,1989,10
FL,1989,12.5
GA,1989,15
HI,1989,11.3
ID,1989,12.4
IL,1989,12.7
IN,1989,13.7
IA,1989,10.3
KS,1989,10.8
KY,1989,16.1
LA,1989,23.3
ME,1989,10.4
MD,1989,9
MA,1989,8.8
MI,1989,13.2
MN,1989,11.2
MS,1989,22
MO,1989,12.6
MT,1989,15.6
NE,1989,12.8
NV,1989,10.8
NH,1989,7.7
NJ,1989,8.2
NM,1989,19.5
NY,1989,12.6
NC,1989,12.2
ND,1989,12.2
OH,1989,10.6
OK,1989,14.7
OR,1989,11.2
PA,1989,10.4
RI,1989,6.7
SC,1989,17
SD,1989,13.2
TN,1989,18.4
TX,1989,17.1
UT,1989,8.2
VT,1989,8
VA,1989,10.9
WA,1989,9.6
WV,1989,15.7
WI,1989,8.4
WY,1989,10.9
AL,1988,19.3
AK,1988,11
AZ,1988,14.1
AR,1988,21.6
CA,1988,13.2
CO,1988,12.5
CT,1988,4
DE,1988,8.6
FL,1988,13.6
GA,1988,14
HI,1988,11.1
ID,1988,12.5
IL,1988,12.7
IN,1988,10.1
IA,1988,9.4
KS,1988,8.1
KY,1988,17.6
LA,1988,22.8
ME,1988,13.2
MD,1988,9.8
MA,1988,8.5
MI,1988,12.1
MN,1988,11.6
MS,1988,27.2
MO,1988,12.7
MT,1988,14.6
NE,1988,10.3
NV,1988,8.6
NH,1988,6.7
NJ,1988,6.2
NM,1988,23
NY,1988,13.4
NC,1988,12.6
ND,1988,11.6
OH,1988,12.4
OK,1988,17.3
OR,1988,10.4
PA,1988,10.3
RI,1988,9.8
SC,1988,15.5
SD,1988,14.2
TN,1988,18
TX,1988,18
UT,1988,9.8
VT,1988,8.1
VA,1988,10.8
WA,1988,8.7
WV,1988,17.9
WI,1988,7.8
WY,1988,9.6
AL,1987,21.3
AK,1987,12
AZ,1987,12.8
AR,1987,21.8
CA,1987,12.3
CO,1987,12.5
CT,1987,6.6
DE,1987,6.6
FL,1987,12.4
GA,1987,14.6
HI,1987,8.8
ID,1987,15.1
IL,1987,14.4
IN,1987,11.1
IA,1987,14.5
KS,1987,9.2
KY,1987,17.3
LA,1987,25.1
ME,1987,11.7
MD,1987,9.2
MA,1987,8.2
MI,1987,12.2
MN,1987,11.3
MS,1987,25
MO,1987,14
MT,1987,18
NE,1987,11.9
NV,1987,10.4
NH,1987,4.8
NJ,1987,8.3
NM,1987,19.4
NY,1987,14.3
NC,1987,13.8
ND,1987,11.4
OH,1987,12.7
OK,1987,17
OR,1987,14.2
PA,1987,10.6
RI,1987,8.1
SC,1987,15.6
SD,1987,15.2
TN,1987,16.9
TX,1987,17.6
UT,1987,10.2
VT,1987,9.3
VA,1987,9.9
WA,1987,10
WV,1987,21.6
WI,1987,9
WY,1987,10.8
AL,1986,23.8
AK,1986,11.4
AZ,1986,14.3
AR,1986,21.3
CA,1986,12.7
CO,1986,13.5
CT,1986,6
DE,1986,12.4
FL,1986,11.4
GA,1986,14.6
HI,1986,10.7
ID,1986,18.5
IL,1986,13.3
IN,1986,12.7
IA,1986,12.9
KS,1986,11.1
KY,1986,17.7
LA,1986,22
ME,1986,10.2
MD,1986,9.2
MA,1986,9.2
MI,1986,13.9
MN,1986,12.5
MS,1986,26.6
MO,1986,14.4
MT,1986,16.5
NE,1986,13.6
NV,1986,8.1
NH,1986,3.7
NJ,1986,8.9
NM,1986,21.3
NY,1986,13.2
NC,1986,14.3
ND,1986,13.5
OH,1986,12.8
OK,1986,14.7
OR,1986,12.3
PA,1986,10.1
RI,1986,9.1
SC,1986,17.3
SD,1986,17
TN,1986,18.3
TX,1986,17.3
UT,1986,12.6
VT,1986,11
VA,1986,9.7
WA,1986,12.9
WV,1986,22.4
WI,1986,10.7
WY,1986,14.6
AL,1985,20.6
AK,1985,8.7
AZ,1985,10.7
AR,1985,22.9
CA,1985,13.6
CO,1985,10.2
CT,1985,7.6
DE,1985,11.4
FL,1985,13.4
GA,1985,17.7
HI,1985,10.7
ID,1985,16
IL,1985,15.6
IN,1985,12
IA,1985,17.9
KS,1985,13.8
KY,1985,19.4
LA,1985,18.1
ME,1985,11.9
MD,1985,8.7
MA,1985,9.2
MI,1985,14.5
MN,1985,12.6
MS,1985,25.1
MO,1985,13.7
MT,1985,16
NE,1985,14.8
NV,1985,14.4
NH,1985,6
NJ,1985,8.3
NM,1985,18.5
NY,1985,15.8
NC,1985,14.2
ND,1985,15.9
OH,1985,12.8
OK,1985,16
OR,1985,11.9
PA,1985,10.5
RI,1985,9
SC,1985,15.2
SD,1985,17.3
TN,1985,18.1
TX,1985,15.9
UT,1985,10.9
VT,1985,9.2
VA,1985,10
WA,1985,12
WV,1985,22.3
WI,1985,11.6
WY,1985,12
AL,1984,19.1
AK,1984,9.6
AZ,1984,18.2
AR,1984,23.9
CA,1984,13.2
CO,1984,8.9
CT,1984,6.9
DE,1984,10.3
FL,1984,15.1
GA,1984,16.9
HI,1984,9.3
ID,1984,17.3
IL,1984,15
IN,1984,12.9
IA,1984,14.6
KS,1984,10.7
KY,1984,19.1
LA,1984,20.6
ME,1984,13
MD,1984,8.7
MA,1984,8.9
MI,1984,16.7
MN,1984,9.1
MS,1984,25.1
MO,1984,14.5
MT,1984,13.8
NE,1984,13.3
NV,1984,10.5
NH,1984,7.1
NJ,1984,10.1
NM,1984,19.5
NY,1984,16
NC,1984,14.6
ND,1984,15.4
OH,1984,13.5
OK,1984,13.3
OR,1984,12.8
PA,1984,15.6
RI,1984,12.8
SC,1984,17.2
SD,1984,14.5
TN,1984,17.4
TX,1984,15.7
UT,1984,11.1
VT,1984,12.6
VA,1984,10
WA,1984,11.3
WV,1984,20.4
WI,1984,15.5
WY,1984,10.9
AL,1983,23
AK,1983,12.6
AZ,1983,16.3
AR,1983,21.5
CA,1983,14.9
CO,1983,12.6
CT,1983,8.8
DE,1983,8.6
FL,1983,14.7
GA,1983,18.8
HI,1983,12.9
ID,1983,17.7
IL,1983,14.3
IN,1983,16.1
IA,1983,16.7
KS,1983,13.6
KY,1983,17.9
LA,1983,21.5
ME,1983,12.4
MD,1983,8.7
MA,1983,7.7
MI,1983,16.8
MN,1983,12.1
MS,1983,27
MO,1983,16.7
MT,1983,15.4
NE,1983,15.2
NV,1983,9.7
NH,1983,8.1
NJ,1983,11.1
NM,1983,24.5
NY,1983,16
NC,1983,15.8
ND,1983,15
OH,1983,13.4
OK,1983,17
OR,1983,16.1
PA,1983,15.4
RI,1983,14.5
SC,1983,20.8
SD,1983,18.4
TN,1983,20
TX,1983,16
UT,1983,13.5
VT,1983,15.6
VA,1983,11.3
WA,1983,10.8
WV,1983,22.1
WI,1983,10.7
WY,1983,12.6
AL,1982,21.6
AK,1982,10.6
AZ,1982,14.8
AR,1982,23.8
CA,1982,14.1
CO,1982,12.6
CT,1982,8.1
DE,1982,11.5
FL,1982,15.2
GA,1982,19.6
HI,1982,13.2
ID,1982,15.6
IL,1982,13.4
IN,1982,12.6
IA,1982,13.4
KS,1982,10.4
KY,1982,16.2
LA,1982,22.7
ME,1982,13.7
MD,1982,12.3
MA,1982,10.3
MI,1982,16.2
MN,1982,13.3
MS,1982,22.9
MO,1982,14.6
MT,1982,17
NE,1982,13.6
NV,1982,7.8
NH,1982,10.3
NJ,1982,12.2
NM,1982,22.4
NY,1982,14.8
NC,1982,20.3
ND,1982,12.9
OH,1982,12.8
OK,1982,15.4
OR,1982,13.9
PA,1982,13.5
RI,1982,13.3
SC,1982,21.2
SD,1982,16.8
TN,1982,23.6
TX,1982,16.2
UT,1982,14.5
VT,1982,12.9
VA,1982,12.5
WA,1982,12.9
WV,1982,24.8
WI,1982,9.5
WY,1982,12
AL,1981,24.1
AK,1981,9
AZ,1981,11.7
AR,1981,24.1
CA,1981,13.3
CO,1981,9.6
CT,1981,8.2
DE,1981,12.3
FL,1981,16.6
GA,1981,16.3
HI,1981,11.3
ID,1981,17.7
IL,1981,12.1
IN,1981,12.6
IA,1981,13.1
KS,1981,11.7
KY,1981,19.3
LA,1981,22
ME,1981,16
MD,1981,10.7
MA,1981,8.9
MI,1981,13
MN,1981,10.9
MS,1981,25.7
MO,1981,13.2
MT,1981,13.1
NE,1981,14
NV,1981,10.5
NH,1981,7.6
NJ,1981,10
NM,1981,18.6
NY,1981,14.4
NC,1981,17.5
ND,1981,14.2
OH,1981,12.7
OK,1981,13.8
OR,1981,12.3
PA,1981,11.6
RI,1981,11.7
SC,1981,18.4
SD,1981,19.5
TN,1981,20.9
TX,1981,15.4
UT,1981,12.2
VT,1981,12.3
VA,1981,12.6
WA,1981,11.3
WV,1981,19.9
WI,1981,8.1
WY,1981,8.9
AL,1980,21.2
AK,1980,9.6
AZ,1980,12.8
AR,1980,21.5
CA,1980,11
CO,1980,8.6
CT,1980,8.3
DE,1980,11.8
FL,1980,16.7
GA,1980,13.9
HI,1980,8.5
ID,1980,14.7
IL,1980,12.3
IN,1980,11.8
IA,1980,10.8
KS,1980,9.4
KY,1980,19.3
LA,1980,20.3
ME,1980,14.6
MD,1980,9.5
MA,1980,9.5
MI,1980,12.9
MN,1980,8.7
MS,1980,24.3
MO,1980,13
MT,1980,13.2
NE,1980,13
NV,1980,8.3
NH,1980,7
NJ,1980,9
NM,1980,20.6
NY,1980,13.8
NC,1980,15
ND,1980,15.5
OH,1980,9.8
OK,1980,13.9
OR,1980,11.5
PA,1980,9.8
RI,1980,10.7
SC,1980,16.8
SD,1980,18.8
TN,1980,19.6
TX,1980,15.7
UT,1980,10
VT,1980,12
VA,1980,12.4
WA,1980,12.7
WV,1980,15.2
WI,1980,8.5
WY,1980,10.4
