Year,State,MHI,RMHI
1984,AK,"32,356","74,689"
1985,AK,"34,782","77,625"
1986,AK,"31,356","68,775"
1987,AK,"33,233","70,468"
1988,AK,"33,103","67,745"
1989,AK,"36,006","70,599"
1990,AK,"39,298","73,433"
1991,AK,"40,612","73,224"
1992,AK,"41,802","73,541"
1993,AK,"42,931","73,670"
1994,AK,"45,367","76,258"
1995,AK,"47,954","78,710"
1996,AK,"52,779","84,383"
1997,AK,"47,994","75,109"
1998,AK,"50,692","78,271"
1999,AK,"51,396","77,703"
2000,AK,"52,847","77,275"
2001,AK,"57,363","81,556"
2002,AK,"52,774","73,868"
2003,AK,"51,837","70,945"
2004,AK,"55,063","73,378"
2005,AK,"55,891","72,041"
2006,AK,"56,418","70,437"
2007,AK,"62,993","76,477"
2008,AK,"63,989","74,812"
2009,AK,"61,604","72,275"
2010,AK,"57,848","66,767"
2011,AK,"57,431","64,260"
2012,AK,"63,648","69,739"
2013,AK,"72,472","78,249"
2014,AK,"67,629","71,804"
2015,AK,"75,112","79,611"
2016,AK,"75,723","79,237"
2017,AK,"77,987","79,888"
2018,AK,"68,734","68,734"
1984,AL,"17,310","39,958"
1985,AL,"18,333","40,915"
1986,AL,"19,132","41,963"
1987,AL,"19,734","41,844"
1988,AL,"19,948","40,823"
1989,AL,"21,284","41,733"
1990,AL,"23,357","43,645"
1991,AL,"24,346","43,896"
1992,AL,"25,808","45,403"
1993,AL,"25,082","43,041"
1994,AL,"27,196","45,714"
1995,AL,"25,991","42,661"
1996,AL,"30,302","48,447"
1997,AL,"31,939","49,983"
1998,AL,"36,266","55,997"
1999,AL,"36,251","54,806"
2000,AL,"35,424","51,798"
2001,AL,"35,160","49,989"
2002,AL,"37,603","52,633"
2003,AL,"37,255","50,988"
2004,AL,"36,629","48,812"
2005,AL,"37,150","47,885"
2006,AL,"37,952","47,382"
2007,AL,"42,212","51,248"
2008,AL,"44,476","51,999"
2009,AL,"39,980","46,905"
2010,AL,"40,933","47,244"
2011,AL,"42,590","47,654"
2012,AL,"43,464","47,624"
2013,AL,"47,320","51,092"
2014,AL,"42,278","44,888"
2015,AL,"44,509","47,175"
2016,AL,"47,221","49,412"
2017,AL,"50,865","52,105"
2018,AL,"49,936","49,936"
1984,AR,"15,674","36,181"
1985,AR,"17,451","38,946"
1986,AR,"18,730","41,082"
1987,AR,"18,827","39,921"
1988,AR,"20,172","41,282"
1989,AR,"21,433","42,025"
1990,AR,"22,786","42,578"
1991,AR,"23,435","42,254"
1992,AR,"23,882","42,015"
1993,AR,"23,039","39,535"
1994,AR,"25,565","42,972"
1995,AR,"25,814","42,370"
1996,AR,"27,123","43,364"
1997,AR,"26,162","40,942"
1998,AR,"27,665","42,716"
1999,AR,"29,682","44,875"
2000,AR,"29,697","43,424"
2001,AR,"33,339","47,400"
2002,AR,"32,387","45,332"
2003,AR,"32,002","43,798"
2004,AR,"34,984","46,620"
2005,AR,"36,658","47,250"
2006,AR,"37,057","46,265"
2007,AR,"40,795","49,527"
2008,AR,"39,586","46,282"
2009,AR,"36,538","42,867"
2010,AR,"38,587","44,536"
2011,AR,"41,302","46,213"
2012,AR,"39,018","42,752"
2013,AR,"39,376","42,515"
2014,AR,"44,922","47,695"
2015,AR,"42,798","45,362"
2016,AR,"45,907","48,037"
2017,AR,"49,751","50,964"
2018,AR,"49,781","49,781"
1984,AZ,"21,425","49,457"
1985,AZ,"23,877","53,287"
1986,AZ,"25,500","55,931"
1987,AZ,"26,749","56,719"
1988,AZ,"26,435","54,099"
1989,AZ,"28,552","55,984"
1990,AZ,"29,224","54,609"
1991,AZ,"30,737","55,420"
1992,AZ,"29,358","51,649"
1993,AZ,"30,510","52,355"
1994,AZ,"31,293","52,601"
1995,AZ,"30,863","50,658"
1996,AZ,"31,637","50,581"
1997,AZ,"32,740","51,237"
1998,AZ,"37,090","57,269"
1999,AZ,"36,995","55,931"
2000,AZ,"39,783","58,172"
2001,AZ,"42,704","60,715"
2002,AZ,"39,734","55,616"
2003,AZ,"41,166","56,340"
2004,AZ,"43,846","58,430"
2005,AZ,"45,245","58,319"
2006,AZ,"46,657","58,250"
2007,AZ,"47,215","57,321"
2008,AZ,"46,914","54,849"
2009,AZ,"45,739","53,662"
2010,AZ,"46,896","54,127"
2011,AZ,"48,621","54,403"
2012,AZ,"47,044","51,546"
2013,AZ,"52,611","56,805"
2014,AZ,"49,254","52,294"
2015,AZ,"52,248","55,378"
2016,AZ,"57,100","59,750"
2017,AZ,"59,700","61,155"
2018,AZ,"62,283","62,283"
1984,CA,"25,287","58,372"
1985,CA,"26,981","60,215"
1986,CA,"29,010","63,629"
1987,CA,"30,146","63,922"
1988,CA,"30,287","61,982"
1989,CA,"33,009","64,723"
1990,CA,"33,290","62,206"
1991,CA,"33,664","60,697"
1992,CA,"34,903","61,404"
1993,CA,"34,073","58,470"
1994,CA,"35,331","59,388"
1995,CA,"37,009","60,745"
1996,CA,"38,812","62,052"
1997,CA,"39,694","62,120"
1998,CA,"40,934","63,204"
1999,CA,"43,629","65,961"
2000,CA,"46,816","68,456"
2001,CA,"47,262","67,195"
2002,CA,"47,437","66,397"
2003,CA,"49,300","67,473"
2004,CA,"49,222","65,594"
2005,CA,"51,755","66,710"
2006,CA,"55,319","69,065"
2007,CA,"55,734","67,664"
2008,CA,"57,014","66,658"
2009,CA,"56,134","65,858"
2010,CA,"54,283","62,652"
2011,CA,"53,367","59,713"
2012,CA,"57,020","62,477"
2013,CA,"60,794","65,640"
2014,CA,"60,487","64,221"
2015,CA,"63,636","67,448"
2016,CA,"66,637","69,729"
2017,CA,"70,038","71,745"
2018,CA,"70,489","70,489"
1984,CO,"25,801","59,558"
1985,CO,"28,182","62,895"
1986,CO,"27,192","59,642"
1987,CO,"26,476","56,140"
1988,CO,"26,214","53,647"
1989,CO,"26,806","52,560"
1990,CO,"30,733","57,428"
1991,CO,"31,499","56,793"
1992,CO,"32,484","57,148"
1993,CO,"34,488","59,182"
1994,CO,"37,833","63,594"
1995,CO,"40,706","66,813"
1996,CO,"40,950","65,470"
1997,CO,"43,233","67,658"
1998,CO,"46,599","71,951"
1999,CO,"48,177","72,837"
2000,CO,"48,240","70,538"
2001,CO,"49,397","70,231"
2002,CO,"48,294","67,597"
2003,CO,"49,940","68,349"
2004,CO,"50,886","67,811"
2005,CO,"50,449","65,026"
2006,CO,"55,697","69,537"
2007,CO,"61,141","74,228"
2008,CO,"60,943","71,251"
2009,CO,"55,930","65,618"
2010,CO,"60,233","69,520"
2011,CO,"58,629","65,601"
2012,CO,"57,255","62,735"
2013,CO,"67,912","73,325"
2014,CO,"60,940","64,702"
2015,CO,"66,596","70,585"
2016,CO,"70,566","73,841"
2017,CO,"74,984","76,812"
2018,CO,"73,034","73,034"
1984,CT,"29,951","69,138"
1985,CT,"31,090","69,385"
1986,CT,"32,721","71,769"
1987,CT,"32,862","69,681"
1988,CT,"36,213","74,109"
1989,CT,"42,321","82,981"
1990,CT,"38,870","72,633"
1991,CT,"42,154","76,005"
1992,CT,"40,841","71,851"
1993,CT,"39,516","67,810"
1994,CT,"41,097","69,080"
1995,CT,"40,243","66,054"
1996,CT,"42,119","67,339"
1997,CT,"43,985","68,835"
1998,CT,"46,508","71,811"
1999,CT,"50,593","76,489"
2000,CT,"50,172","73,363"
2001,CT,"53,347","75,847"
2002,CT,"53,387","74,726"
2003,CT,"54,965","75,226"
2004,CT,"55,100","73,427"
2005,CT,"56,835","73,258"
2006,CT,"62,404","77,910"
2007,CT,"64,141","77,870"
2008,CT,"64,682","75,623"
2009,CT,"64,851","76,085"
2010,CT,"65,998","76,174"
2011,CT,"65,415","73,194"
2012,CT,"64,247","70,396"
2013,CT,"69,291","74,814"
2014,CT,"70,161","74,492"
2015,CT,"72,889","77,255"
2016,CT,"75,923","79,446"
2017,CT,"74,304","76,115"
2018,CT,"72,812","72,812"
1984,DE,"25,819","59,600"
1985,DE,"22,980","51,285"
1986,DE,"25,626","56,207"
1987,DE,"29,244","62,009"
1988,DE,"30,505","62,428"
1989,DE,"32,068","62,878"
1990,DE,"30,804","57,561"
1991,DE,"32,585","58,752"
1992,DE,"35,678","62,767"
1993,DE,"36,064","61,886"
1994,DE,"35,873","60,299"
1995,DE,"34,928","57,330"
1996,DE,"39,309","62,847"
1997,DE,"43,033","67,345"
1998,DE,"41,458","64,013"
1999,DE,"46,628","70,495"
2000,DE,"50,365","73,646"
2001,DE,"49,602","70,522"
2002,DE,"49,650","69,495"
2003,DE,"49,019","67,088"
2004,DE,"48,049","64,031"
2005,DE,"51,235","66,039"
2006,DE,"52,438","65,468"
2007,DE,"54,589","66,274"
2008,DE,"50,702","59,278"
2009,DE,"52,114","61,141"
2010,DE,"55,214","63,727"
2011,DE,"54,660","61,160"
2012,DE,"48,972","53,659"
2013,DE,"54,091","58,402"
2014,DE,"57,522","61,073"
2015,DE,"57,756","61,216"
2016,DE,"58,046","60,740"
2017,DE,"64,961","66,545"
2018,DE,"65,012","65,012"
1984,DC,"20,408","47,109"
1985,DC,"21,076","47,036"
1986,DC,"24,322","53,347"
1987,DC,"27,455","58,216"
1988,DC,"26,741","54,725"
1989,DC,"26,752","52,454"
1990,DC,"27,392","51,185"
1991,DC,"29,885","53,883"
1992,DC,"30,247","53,213"
1993,DC,"27,304","46,854"
1994,DC,"30,116","50,622"
1995,DC,"30,748","50,469"
1996,DC,"31,966","51,107"
1997,DC,"31,860","49,860"
1998,DC,"33,433","51,622"
1999,DC,"38,670","58,463"
2000,DC,"41,222","60,276"
2001,DC,"41,169","58,532"
2002,DC,"39,070","54,686"
2003,DC,"45,044","61,648"
2004,DC,"43,451","57,903"
2005,DC,"44,993","57,994"
2006,DC,"48,477","60,523"
2007,DC,"50,783","61,653"
2008,DC,"55,590","64,993"
2009,DC,"53,141","62,346"
2010,DC,"56,928","65,705"
2011,DC,"55,251","61,821"
2012,DC,"65,246","71,490"
2013,DC,"60,057","64,844"
2014,DC,"68,277","72,492"
2015,DC,"70,071","74,268"
2016,DC,"70,982","74,276"
2017,DC,"81,282","83,263"
2018,DC,"85,750","85,750"
1984,FL,"19,785","45,671"
1985,FL,"21,343","47,632"
1986,FL,"22,849","50,116"
1987,FL,"24,489","51,927"
1988,FL,"25,406","51,993"
1989,FL,"26,085","51,147"
1990,FL,"26,685","49,864"
1991,FL,"27,252","49,136"
1992,FL,"27,349","48,114"
1993,FL,"28,550","48,992"
1994,FL,"29,294","49,241"
1995,FL,"29,745","48,822"
1996,FL,"30,641","48,989"
1997,FL,"32,455","50,791"
1998,FL,"34,909","53,901"
1999,FL,"35,831","54,171"
2000,FL,"38,856","56,817"
2001,FL,"36,421","51,782"
2002,FL,"38,024","53,222"
2003,FL,"38,972","53,338"
2004,FL,"40,535","54,017"
2005,FL,"42,990","55,412"
2006,FL,"45,676","57,026"
2007,FL,"45,794","55,596"
2008,FL,"44,857","52,444"
2009,FL,"45,631","53,535"
2010,FL,"44,066","50,860"
2011,FL,"45,105","50,468"
2012,FL,"46,071","50,480"
2013,FL,"48,532","52,400"
2014,FL,"46,140","48,988"
2015,FL,"48,825","51,750"
2016,FL,"51,176","53,551"
2017,FL,"53,086","54,380"
2018,FL,"54,644","54,644"
1984,GA,"19,984","46,130"
1985,GA,"21,049","46,976"
1986,GA,"24,370","53,452"
1987,GA,"26,714","56,645"
1988,GA,"26,566","54,367"
1989,GA,"27,542","54,003"
1990,GA,"27,561","51,501"
1991,GA,"27,212","49,064"
1992,GA,"28,797","50,662"
1993,GA,"31,663","54,334"
1994,GA,"31,467","52,893"
1995,GA,"34,099","55,969"
1996,GA,"32,496","51,954"
1997,GA,"36,663","57,376"
1998,GA,"38,665","59,701"
1999,GA,"39,425","59,605"
2000,GA,"41,901","61,269"
2001,GA,"42,576","60,533"
2002,GA,"42,939","60,102"
2003,GA,"42,438","58,081"
2004,GA,"40,984","54,616"
2005,GA,"45,926","59,196"
2006,GA,"49,344","61,605"
2007,GA,"48,641","59,053"
2008,GA,"46,227","54,046"
2009,GA,"43,340","50,848"
2010,GA,"44,117","50,919"
2011,GA,"45,973","51,440"
2012,GA,"48,121","52,726"
2013,GA,"46,992","50,738"
2014,GA,"49,555","52,614"
2015,GA,"50,768","53,809"
2016,GA,"53,527","56,011"
2017,GA,"57,985","59,398"
2018,GA,"55,821","55,821"
1984,HI,"28,877","66,659"
1985,HI,"28,961","64,634"
1986,HI,"29,003","63,614"
1987,HI,"35,022","74,261"
1988,HI,"33,024","67,583"
1989,HI,"35,035","68,695"
1990,HI,"38,921","72,729"
1991,HI,"37,246","67,155"
1992,HI,"42,113","74,088"
1993,HI,"42,662","73,208"
1994,HI,"42,255","71,027"
1995,HI,"42,851","70,334"
1996,HI,"41,772","66,785"
1997,HI,"40,934","64,060"
1998,HI,"40,827","63,039"
1999,HI,"44,504","67,284"
2000,HI,"51,546","75,373"
2001,HI,"47,439","67,447"
2002,HI,"47,303","66,210"
2003,HI,"51,834","70,941"
2004,HI,"56,242","74,949"
2005,HI,"59,586","76,803"
2006,HI,"60,470","75,496"
2007,HI,"64,022","77,726"
2008,HI,"61,521","71,927"
2009,HI,"55,649","65,289"
2010,HI,"59,539","68,719"
2011,HI,"59,047","66,068"
2012,HI,"56,263","61,648"
2013,HI,"64,235","69,355"
2014,HI,"71,223","75,619"
2015,HI,"64,514","68,379"
2016,HI,"72,133","75,480"
2017,HI,"73,599","75,393"
2018,HI,"80,108","80,108"
1984,IA,"19,863","45,851"
1985,IA,"20,927","46,704"
1986,IA,"22,459","49,261"
1987,IA,"22,190","47,052"
1988,IA,"24,305","49,740"
1989,IA,"26,265","51,499"
1990,IA,"27,288","50,991"
1991,IA,"28,553","51,482"
1992,IA,"28,743","50,567"
1993,IA,"28,663","49,186"
1994,IA,"33,079","55,603"
1995,IA,"35,519","58,300"
1996,IA,"33,209","53,094"
1997,IA,"33,783","52,869"
1998,IA,"37,019","57,159"
1999,IA,"41,098","62,134"
2000,IA,"40,991","59,939"
2001,IA,"40,976","58,258"
2002,IA,"41,049","57,456"
2003,IA,"41,384","56,639"
2004,IA,"43,391","57,823"
2005,IA,"46,500","59,936"
2006,IA,"48,126","60,084"
2007,IA,"48,908","59,377"
2008,IA,"50,142","58,623"
2009,IA,"50,721","59,507"
2010,IA,"49,016","56,573"
2011,IA,"50,219","56,191"
2012,IA,"53,442","58,557"
2013,IA,"60,156","64,951"
2014,IA,"57,810","61,379"
2015,IA,"60,855","64,500"
2016,IA,"59,094","61,836"
2017,IA,"63,467","65,014"
2018,IA,"68,718","68,718"
1984,ID,"21,092","48,688"
1985,ID,"20,761","46,333"
1986,ID,"20,749","45,510"
1987,ID,"20,755","44,009"
1988,ID,"23,450","47,990"
1989,ID,"24,654","48,341"
1990,ID,"25,305","47,285"
1991,ID,"26,116","47,088"
1992,ID,"27,704","48,739"
1993,ID,"31,010","53,213"
1994,ID,"31,536","53,009"
1995,ID,"32,676","53,633"
1996,ID,"34,709","55,492"
1997,ID,"33,404","52,276"
1998,ID,"36,680","56,636"
1999,ID,"35,800","54,124"
2000,ID,"37,611","54,996"
2001,ID,"38,241","54,370"
2002,ID,"37,715","52,790"
2003,ID,"42,372","57,991"
2004,ID,"44,358","59,112"
2005,ID,"44,176","56,941"
2006,ID,"46,213","57,696"
2007,ID,"49,184","59,712"
2008,ID,"47,420","55,441"
2009,ID,"46,778","54,881"
2010,ID,"47,050","54,304"
2011,ID,"47,459","53,102"
2012,ID,"47,922","52,508"
2013,ID,"48,467","52,330"
2014,ID,"53,438","56,737"
2015,ID,"51,624","54,716"
2016,ID,"56,564","59,189"
2017,ID,"59,497","60,947"
2018,ID,"58,728","58,728"
1984,IL,"23,752","54,828"
1985,IL,"24,870","55,503"
1986,IL,"26,511","58,148"
1987,IL,"27,084","57,429"
1988,IL,"29,524","60,420"
1989,IL,"31,300","61,372"
1990,IL,"32,542","60,809"
1991,IL,"31,884","57,488"
1992,IL,"31,551","55,507"
1993,IL,"32,857","56,383"
1994,IL,"35,081","58,968"
1995,IL,"38,071","62,488"
1996,IL,"39,554","63,239"
1997,IL,"41,283","64,606"
1998,IL,"43,178","66,669"
1999,IL,"46,330","70,044"
2000,IL,"46,064","67,357"
2001,IL,"46,171","65,644"
2002,IL,"42,710","59,781"
2003,IL,"45,153","61,797"
2004,IL,"46,077","61,403"
2005,IL,"48,398","62,383"
2006,IL,"48,671","60,765"
2007,IL,"52,506","63,745"
2008,IL,"53,254","62,262"
2009,IL,"52,870","62,028"
2010,IL,"50,728","58,549"
2011,IL,"50,637","56,658"
2012,IL,"51,738","56,690"
2013,IL,"53,937","58,236"
2014,IL,"54,916","58,306"
2015,IL,"60,413","64,032"
2016,IL,"61,386","64,235"
2017,IL,"65,969","67,577"
2018,IL,"70,145","70,145"
1984,IN,"22,770","52,561"
1985,IN,"22,675","50,605"
1986,IN,"22,728","49,851"
1987,IN,"22,519","47,750"
1988,IN,"26,293","53,808"
1989,IN,"25,898","50,780"
1990,IN,"26,928","50,318"
1991,IN,"27,089","48,842"
1992,IN,"28,530","50,192"
1993,IN,"29,475","50,579"
1994,IN,"27,858","46,827"
1995,IN,"33,385","54,797"
1996,IN,"35,147","56,193"
1997,IN,"38,889","60,860"
1998,IN,"39,731","61,347"
1999,IN,"40,838","61,741"
2000,IN,"40,865","59,754"
2001,IN,"40,379","57,409"
2002,IN,"41,047","57,453"
2003,IN,"42,425","58,064"
2004,IN,"42,329","56,408"
2005,IN,"42,437","54,699"
2006,IN,"45,407","56,690"
2007,IN,"47,453","57,610"
2008,IN,"46,520","54,389"
2009,IN,"44,305","51,980"
2010,IN,"46,139","53,253"
2011,IN,"44,445","49,730"
2012,IN,"46,158","50,575"
2013,IN,"49,455","53,397"
2014,IN,"48,060","51,027"
2015,IN,"51,983","55,097"
2016,IN,"56,094","58,697"
2017,IN,"58,767","60,200"
2018,IN,"59,892","59,892"
1984,KS,"24,629","56,853"
1985,KS,"22,788","50,857"
1986,KS,"23,926","52,478"
1987,KS,"25,583","54,247"
1988,KS,"25,566","52,320"
1989,KS,"26,862","52,670"
1990,KS,"29,917","55,904"
1991,KS,"29,295","52,820"
1992,KS,"30,346","53,387"
1993,KS,"29,770","51,086"
1994,KS,"28,322","47,607"
1995,KS,"30,341","49,801"
1996,KS,"32,585","52,097"
1997,KS,"36,471","57,076"
1998,KS,"36,711","56,684"
1999,KS,"37,348","56,465"
2000,KS,"41,059","60,038"
2001,KS,"41,415","58,882"
2002,KS,"42,619","59,654"
2003,KS,"44,232","60,537"
2004,KS,"41,066","54,725"
2005,KS,"42,027","54,171"
2006,KS,"45,552","56,871"
2007,KS,"48,497","58,878"
2008,KS,"47,877","55,975"
2009,KS,"44,717","52,463"
2010,KS,"46,054","53,155"
2011,KS,"46,147","51,634"
2012,KS,"50,003","54,788"
2013,KS,"47,820","51,632"
2014,KS,"53,444","56,743"
2015,KS,"54,865","58,152"
2016,KS,"56,810","59,446"
2017,KS,"56,900","58,287"
2018,KS,"63,938","63,938"
1984,KY,"17,680","40,812"
1985,KY,"17,361","38,745"
1986,KY,"19,874","43,591"
1987,KY,"20,673","43,835"
1988,KY,"19,907","40,739"
1989,KY,"23,283","45,652"
1990,KY,"24,780","46,304"
1991,KY,"23,764","42,847"
1992,KY,"23,485","41,317"
1993,KY,"24,376","41,829"
1994,KY,"26,595","44,704"
1995,KY,"29,810","48,929"
1996,KY,"32,413","51,822"
1997,KY,"33,452","52,351"
1998,KY,"36,252","55,975"
1999,KY,"33,738","51,007"
2000,KY,"36,265","53,028"
2001,KY,"38,437","54,648"
2002,KY,"36,762","51,456"
2003,KY,"36,936","50,551"
2004,KY,"35,610","47,454"
2005,KY,"36,699","47,303"
2006,KY,"39,485","49,296"
2007,KY,"39,452","47,897"
2008,KY,"41,148","48,108"
2009,KY,"42,664","50,054"
2010,KY,"41,104","47,442"
2011,KY,"39,856","44,595"
2012,KY,"41,086","45,018"
2013,KY,"44,879","48,456"
2014,KY,"42,786","45,427"
2015,KY,"42,387","44,926"
2016,KY,"45,369","47,474"
2017,KY,"49,672","50,883"
2018,KY,"54,555","54,555"
1984,LA,"18,949","43,741"
1985,LA,"21,179","47,266"
1986,LA,"20,890","45,819"
1987,LA,"21,349","45,269"
1988,LA,"20,497","41,947"
1989,LA,"22,861","44,825"
1990,LA,"22,405","41,866"
1991,LA,"25,299","45,615"
1992,LA,"25,439","44,754"
1993,LA,"26,312","45,152"
1994,LA,"25,676","43,159"
1995,LA,"27,949","45,875"
1996,LA,"30,262","48,383"
1997,LA,"33,260","52,051"
1998,LA,"31,735","49,000"
1999,LA,"32,654","49,368"
2000,LA,"30,718","44,917"
2001,LA,"33,322","47,376"
2002,LA,"34,008","47,601"
2003,LA,"33,507","45,858"
2004,LA,"36,429","48,546"
2005,LA,"37,236","47,995"
2006,LA,"36,488","45,555"
2007,LA,"41,313","50,156"
2008,LA,"39,563","46,255"
2009,LA,"45,433","53,303"
2010,LA,"39,300","45,359"
2011,LA,"40,658","45,493"
2012,LA,"39,085","42,826"
2013,LA,"46,425","50,125"
2014,LA,"42,406","45,024"
2015,LA,"45,922","48,673"
2016,LA,"42,196","44,154"
2017,LA,"43,565","44,627"
2018,LA,"49,973","49,973"
1984,MA,"26,959","62,231"
1985,MA,"28,207","62,951"
1986,MA,"30,339","66,544"
1987,MA,"32,241","68,364"
1988,MA,"33,213","67,970"
1989,MA,"36,086","70,756"
1990,MA,"36,247","67,732"
1991,MA,"35,714","64,393"
1992,MA,"36,359","63,966"
1993,MA,"37,064","63,602"
1994,MA,"40,500","68,077"
1995,MA,"38,574","63,314"
1996,MA,"39,494","63,143"
1997,MA,"42,023","65,764"
1998,MA,"42,345","65,383"
1999,MA,"44,005","66,529"
2000,MA,"46,753","68,364"
2001,MA,"52,253","74,291"
2002,MA,"49,855","69,782"
2003,MA,"50,955","69,738"
2004,MA,"52,019","69,321"
2005,MA,"56,017","72,203"
2006,MA,"55,330","69,078"
2007,MA,"58,463","70,977"
2008,MA,"60,320","70,523"
2009,MA,"59,373","69,658"
2010,MA,"60,934","70,329"
2011,MA,"63,313","70,842"
2012,MA,"63,656","69,748"
2013,MA,"62,529","67,513"
2014,MA,"63,151","67,049"
2015,MA,"67,861","71,926"
2016,MA,"72,266","75,620"
2017,MA,"76,243","78,102"
2018,MA,"86,345","86,345"
1984,MD,"29,708","68,577"
1985,MD,"30,136","67,256"
1986,MD,"30,604","67,125"
1987,MD,"34,970","74,151"
1988,MD,"36,552","74,803"
1989,MD,"36,016","70,619"
1990,MD,"38,857","72,609"
1991,MD,"36,952","66,625"
1992,MD,"37,203","65,450"
1993,MD,"39,939","68,536"
1994,MD,"39,198","65,888"
1995,MD,"41,041","67,363"
1996,MD,"43,993","70,336"
1997,MD,"46,685","73,060"
1998,MD,"50,016","77,227"
1999,MD,"52,205","78,926"
2000,MD,"54,535","79,743"
2001,MD,"53,530","76,107"
2002,MD,"56,407","78,953"
2003,MD,"52,314","71,598"
2004,MD,"57,103","76,096"
2005,MD,"60,512","77,997"
2006,MD,"63,668","79,488"
2007,MD,"65,630","79,678"
2008,MD,"63,711","74,487"
2009,MD,"64,186","75,305"
2010,MD,"64,201","74,100"
2011,MD,"68,876","77,066"
2012,MD,"71,836","78,711"
2013,MD,"69,353","74,881"
2014,MD,"76,165","80,867"
2015,MD,"73,594","78,002"
2016,MD,"73,760","77,183"
2017,MD,"82,093","84,094"
2018,MD,"86,223","86,223"
1984,ME,"20,648","47,663"
1985,ME,"20,519","45,793"
1986,ME,"23,424","51,377"
1987,ME,"23,600","50,042"
1988,ME,"26,402","54,031"
1989,ME,"28,221","55,335"
1990,ME,"27,464","51,320"
1991,ME,"27,868","50,247"
1992,ME,"29,617","52,105"
1993,ME,"27,438","47,084"
1994,ME,"30,316","50,958"
1995,ME,"33,858","55,573"
1996,ME,"34,696","55,472"
1997,ME,"32,772","51,287"
1998,ME,"35,640","55,030"
1999,ME,"38,862","58,754"
2000,ME,"37,266","54,492"
2001,ME,"36,612","52,054"
2002,ME,"36,853","51,583"
2003,ME,"37,113","50,793"
2004,ME,"41,329","55,076"
2005,ME,"43,923","56,615"
2006,ME,"45,642","56,983"
2007,ME,"47,894","58,146"
2008,ME,"47,228","55,216"
2009,ME,"47,502","55,730"
2010,ME,"47,931","55,321"
2011,ME,"49,693","55,602"
2012,ME,"49,158","53,863"
2013,ME,"54,957","59,338"
2014,ME,"51,710","54,902"
2015,ME,"50,756","53,796"
2016,ME,"50,856","53,216"
2017,ME,"53,316","54,616"
2018,ME,"58,663","58,663"
1984,MI,"22,965","53,012"
1985,MI,"24,242","54,102"
1986,MI,"26,605","58,354"
1987,MI,"27,702","58,740"
1988,MI,"29,472","60,314"
1989,MI,"30,775","60,342"
1990,MI,"29,937","55,941"
1991,MI,"32,117","57,908"
1992,MI,"32,267","56,767"
1993,MI,"32,662","56,048"
1994,MI,"35,284","59,309"
1995,MI,"36,426","59,788"
1996,MI,"39,225","62,713"
1997,MI,"38,742","60,630"
1998,MI,"41,821","64,574"
1999,MI,"46,089","69,680"
2000,MI,"45,512","66,549"
2001,MI,"45,047","64,046"
2002,MI,"42,715","59,788"
2003,MI,"45,022","61,618"
2004,MI,"42,256","56,311"
2005,MI,"45,933","59,205"
2006,MI,"48,647","60,735"
2007,MI,"49,370","59,938"
2008,MI,"49,788","58,209"
2009,MI,"45,994","53,961"
2010,MI,"46,276","53,411"
2011,MI,"48,879","54,691"
2012,MI,"50,015","54,802"
2013,MI,"56,567","61,076"
2014,MI,"52,005","55,215"
2015,MI,"54,203","57,450"
2016,MI,"57,091","59,740"
2017,MI,"56,405","57,780"
2018,MI,"60,449","60,449"
1984,MN,"24,436","56,407"
1985,MN,"23,856","53,240"
1986,MN,"26,443","57,999"
1987,MN,"28,082","59,545"
1988,MN,"29,087","59,526"
1989,MN,"30,185","59,186"
1990,MN,"31,465","58,796"
1991,MN,"29,479","53,151"
1992,MN,"30,981","54,504"
1993,MN,"33,682","57,799"
1994,MN,"33,644","56,553"
1995,MN,"37,933","62,262"
1996,MN,"40,991","65,536"
1997,MN,"42,564","66,611"
1998,MN,"47,926","74,000"
1999,MN,"47,038","71,115"
2000,MN,"54,251","79,328"
2001,MN,"52,681","74,900"
2002,MN,"54,622","76,454"
2003,MN,"52,823","72,294"
2004,MN,"56,104","74,765"
2005,MN,"54,215","69,880"
2006,MN,"56,211","70,178"
2007,MN,"58,058","70,485"
2008,MN,"54,925","64,215"
2009,MN,"56,090","65,806"
2010,MN,"52,321","60,388"
2011,MN,"57,820","64,695"
2012,MN,"61,795","67,709"
2013,MN,"64,324","69,451"
2014,MN,"67,244","71,395"
2015,MN,"68,730","72,847"
2016,MN,"70,218","73,477"
2017,MN,"69,975","71,681"
2018,MN,"71,817","71,817"
1984,MO,"20,775","47,956"
1985,MO,"21,939","48,962"
1986,MO,"21,925","48,089"
1987,MO,"23,720","50,296"
1988,MO,"23,443","47,976"
1989,MO,"26,497","51,954"
1990,MO,"27,332","51,073"
1991,MO,"27,926","50,351"
1992,MO,"27,361","48,136"
1993,MO,"28,682","49,219"
1994,MO,"30,190","50,747"
1995,MO,"34,825","57,161"
1996,MO,"34,265","54,783"
1997,MO,"36,553","57,204"
1998,MO,"40,201","62,072"
1999,MO,"41,383","62,565"
2000,MO,"45,097","65,943"
2001,MO,"41,339","58,774"
2002,MO,"42,776","59,873"
2003,MO,"43,762","59,893"
2004,MO,"42,137","56,152"
2005,MO,"42,986","55,407"
2006,MO,"44,579","55,656"
2007,MO,"46,005","55,852"
2008,MO,"46,038","53,825"
2009,MO,"48,769","57,217"
2010,MO,"45,817","52,881"
2011,MO,"45,774","51,217"
2012,MO,"49,764","54,527"
2013,MO,"46,303","49,994"
2014,MO,"56,630","60,126"
2015,MO,"59,196","62,742"
2016,MO,"55,016","57,569"
2017,MO,"56,530","57,908"
2018,MO,"61,726","61,726"
1984,MS,"15,430","35,618"
1985,MS,"16,413","36,630"
1986,MS,"16,513","36,219"
1987,MS,"18,513","39,255"
1988,MS,"18,166","37,176"
1989,MS,"19,917","39,053"
1990,MS,"20,178","37,705"
1991,MS,"19,475","35,114"
1992,MS,"20,570","36,188"
1993,MS,"22,191","38,080"
1994,MS,"25,400","42,695"
1995,MS,"26,538","43,559"
1996,MS,"26,677","42,651"
1997,MS,"28,499","44,600"
1998,MS,"29,120","44,963"
1999,MS,"32,478","49,102"
2000,MS,"34,299","50,153"
2001,MS,"30,161","42,882"
2002,MS,"30,882","43,225"
2003,MS,"32,728","44,792"
2004,MS,"34,755","46,315"
2005,MS,"32,875","42,374"
2006,MS,"34,733","43,363"
2007,MS,"37,279","45,259"
2008,MS,"36,446","42,611"
2009,MS,"35,078","41,154"
2010,MS,"38,160","44,044"
2011,MS,"41,090","45,976"
2012,MS,"36,641","40,148"
2013,MS,"32,338","34,916"
2014,MS,"35,521","37,714"
2015,MS,"40,037","42,435"
2016,MS,"41,099","43,006"
2017,MS,"43,281","44,336"
2018,MS,"42,781","42,781"
1984,MT,"19,536","45,096"
1985,MT,"20,236","45,162"
1986,MT,"20,328","44,587"
1987,MT,"20,474","43,413"
1988,MT,"22,231","45,495"
1989,MT,"23,692","46,454"
1990,MT,"23,375","43,679"
1991,MT,"24,827","44,764"
1992,MT,"26,525","46,665"
1993,MT,"26,470","45,423"
1994,MT,"27,631","46,445"
1995,MT,"27,757","45,559"
1996,MT,"28,684","45,860"
1997,MT,"29,212","45,716"
1998,MT,"31,577","48,756"
1999,MT,"31,038","46,925"
2000,MT,"32,777","47,928"
2001,MT,"32,126","45,675"
2002,MT,"34,835","48,758"
2003,MT,"34,108","46,681"
2004,MT,"33,956","45,250"
2005,MT,"37,313","48,095"
2006,MT,"41,105","51,319"
2007,MT,"43,655","52,999"
2008,MT,"42,900","50,156"
2009,MT,"40,437","47,442"
2010,MT,"41,280","47,645"
2011,MT,"40,277","45,066"
2012,MT,"45,088","49,403"
2013,MT,"43,201","46,644"
2014,MT,"51,102","54,256"
2015,MT,"51,395","54,474"
2016,MT,"57,075","59,724"
2017,MT,"57,407","58,806"
2018,MT,"57,679","57,679"
1984,NC,"20,569","47,481"
1985,NC,"21,451","47,873"
1986,NC,"21,861","47,949"
1987,NC,"22,760","48,261"
1988,NC,"24,415","49,965"
1989,NC,"26,406","51,776"
1990,NC,"26,329","49,199"
1991,NC,"26,853","48,417"
1992,NC,"27,771","48,857"
1993,NC,"28,820","49,455"
1994,NC,"30,114","50,619"
1995,NC,"31,979","52,489"
1996,NC,"35,601","56,919"
1997,NC,"35,840","56,088"
1998,NC,"35,838","55,336"
1999,NC,"37,254","56,323"
2000,NC,"38,317","56,029"
2001,NC,"38,162","54,257"
2002,NC,"36,515","51,110"
2003,NC,"37,279","51,021"
2004,NC,"40,238","53,622"
2005,NC,"42,056","54,208"
2006,NC,"39,797","49,686"
2007,NC,"43,513","52,827"
2008,NC,"42,930","50,191"
2009,NC,"41,906","49,165"
2010,NC,"43,830","50,588"
2011,NC,"45,206","50,581"
2012,NC,"41,553","45,530"
2013,NC,"46,337","50,030"
2014,NC,"46,784","49,672"
2015,NC,"50,797","53,840"
2016,NC,"53,764","56,259"
2017,NC,"49,547","50,755"
2018,NC,"53,369","53,369"
1984,ND,"20,771","47,947"
1985,ND,"21,205","47,324"
1986,ND,"21,508","47,175"
1987,ND,"22,576","47,870"
1988,ND,"24,092","49,304"
1989,ND,"25,229","49,468"
1990,ND,"25,264","47,209"
1991,ND,"25,892","46,684"
1992,ND,"26,959","47,428"
1993,ND,"28,118","48,251"
1994,ND,"28,278","47,533"
1995,ND,"29,089","47,746"
1996,ND,"31,470","50,314"
1997,ND,"31,661","49,548"
1998,ND,"30,304","46,791"
1999,ND,"32,663","49,382"
2000,ND,"35,996","52,635"
2001,ND,"35,793","50,889"
2002,ND,"36,200","50,669"
2003,ND,"40,410","55,306"
2004,ND,"39,220","52,265"
2005,ND,"42,192","54,383"
2006,ND,"41,047","51,246"
2007,ND,"47,205","57,309"
2008,ND,"49,631","58,026"
2009,ND,"50,075","58,749"
2010,ND,"51,006","58,870"
2011,ND,"56,361","63,063"
2012,ND,"55,766","61,103"
2013,ND,"59,152","63,867"
2014,ND,"60,730","64,479"
2015,ND,"57,415","60,854"
2016,ND,"60,184","62,977"
2017,ND,"60,167","61,634"
2018,ND,"66,505","66,505"
1984,NE,"21,397","49,392"
1985,NE,"21,799","48,650"
1986,NE,"21,772","47,754"
1987,NE,"23,268","49,338"
1988,NE,"25,159","51,488"
1989,NE,"26,319","51,605"
1990,NE,"27,482","51,353"
1991,NE,"29,549","53,278"
1992,NE,"30,048","52,863"
1993,NE,"31,008","53,210"
1994,NE,"31,794","53,443"
1995,NE,"32,929","54,049"
1996,NE,"34,014","54,381"
1997,NE,"34,692","54,292"
1998,NE,"36,413","56,223"
1999,NE,"38,626","58,397"
2000,NE,"41,750","61,048"
2001,NE,"43,611","62,004"
2002,NE,"42,796","59,901"
2003,NE,"43,974","60,184"
2004,NE,"43,786","58,350"
2005,NE,"47,923","61,770"
2006,NE,"48,145","60,108"
2007,NE,"49,174","59,700"
2008,NE,"50,728","59,308"
2009,NE,"49,595","58,186"
2010,NE,"52,504","60,599"
2011,NE,"55,616","62,229"
2012,NE,"52,196","57,191"
2013,NE,"57,623","62,216"
2014,NE,"56,870","60,380"
2015,NE,"60,474","64,097"
2016,NE,"59,374","62,129"
2017,NE,"59,583","61,035"
2018,NE,"67,575","67,575"
1984,NH,"25,914","59,819"
1985,NH,"26,403","58,925"
1986,NH,"30,548","67,003"
1987,NH,"32,338","68,570"
1988,NH,"34,625","70,860"
1989,NH,"37,532","73,591"
1990,NH,"40,805","76,249"
1991,NH,"36,032","64,967"
1992,NH,"39,436","69,379"
1993,NH,"37,964","65,147"
1994,NH,"35,245","59,244"
1995,NH,"39,171","64,294"
1996,NH,"39,407","63,003"
1997,NH,"40,998","64,160"
1998,NH,"44,958","69,417"
1999,NH,"46,055","69,629"
2000,NH,"50,926","74,466"
2001,NH,"51,331","72,980"
2002,NH,"55,321","77,433"
2003,NH,"55,567","76,050"
2004,NH,"56,815","75,712"
2005,NH,"56,984","73,450"
2006,NH,"61,970","77,368"
2007,NH,"67,576","82,041"
2008,NH,"66,176","77,369"
2009,NH,"64,131","75,240"
2010,NH,"66,633","76,907"
2011,NH,"65,880","73,714"
2012,NH,"67,819","74,310"
2013,NH,"69,099","74,607"
2014,NH,"73,397","77,928"
2015,NH,"75,675","80,208"
2016,NH,"76,260","79,799"
2017,NH,"75,630","77,474"
2018,NH,"81,346","81,346"
1984,NJ,"27,776","64,117"
1985,NJ,"30,980","69,139"
1986,NJ,"31,715","69,562"
1987,NJ,"34,241","72,605"
1988,NJ,"36,287","74,261"
1989,NJ,"39,120","76,705"
1990,NJ,"38,734","72,379"
1991,NJ,"40,049","72,209"
1992,NJ,"39,000","68,612"
1993,NJ,"40,500","69,498"
1994,NJ,"42,280","71,069"
1995,NJ,"43,924","72,095"
1996,NJ,"47,468","75,891"
1997,NJ,"48,021","75,151"
1998,NJ,"49,826","76,934"
1999,NJ,"49,734","75,191"
2000,NJ,"50,405","73,704"
2001,NJ,"51,771","73,606"
2002,NJ,"54,568","76,379"
2003,NJ,"56,045","76,704"
2004,NJ,"55,275","73,660"
2005,NJ,"63,368","81,678"
2006,NJ,"68,059","84,970"
2007,NJ,"60,508","73,460"
2008,NJ,"65,306","76,352"
2009,NJ,"64,777","75,998"
2010,NJ,"62,968","72,677"
2011,NJ,"62,338","69,751"
2012,NJ,"66,692","73,075"
2013,NJ,"63,754","68,836"
2014,NJ,"65,243","69,270"
2015,NJ,"68,357","72,452"
2016,NJ,"68,468","71,645"
2017,NJ,"71,240","72,977"
2018,NJ,"74,176","74,176"
1984,NM,"20,630","47,622"
1985,NM,"20,423","45,579"
1986,NM,"19,845","43,527"
1987,NM,"20,758","44,016"
1988,NM,"19,296","39,489"
1989,NM,"22,602","44,317"
1990,NM,"25,039","46,788"
1991,NM,"26,540","47,852"
1992,NM,"25,860","45,495"
1993,NM,"26,758","45,917"
1994,NM,"26,905","45,225"
1995,NM,"25,991","42,661"
1996,NM,"25,086","40,107"
1997,NM,"30,086","47,083"
1998,NM,"31,543","48,704"
1999,NM,"32,574","49,247"
2000,NM,"35,093","51,314"
2001,NM,"33,124","47,094"
2002,NM,"35,457","49,629"
2003,NM,"35,105","48,045"
2004,NM,"39,562","52,721"
2005,NM,"38,947","50,201"
2006,NM,"40,028","49,974"
2007,NM,"44,356","53,850"
2008,NM,"42,102","49,223"
2009,NM,"43,542","51,084"
2010,NM,"45,134","52,093"
2011,NM,"41,982","46,974"
2012,NM,"43,424","47,580"
2013,NM,"40,166","43,368"
2014,NM,"46,686","49,568"
2015,NM,"45,119","47,822"
2016,NM,"48,451","50,699"
2017,NM,"45,601","46,713"
2018,NM,"48,283","48,283"
1984,NV,"25,776","59,500"
1985,NV,"23,274","51,942"
1986,NV,"26,217","57,503"
1987,NV,"26,878","56,992"
1988,NV,"27,983","57,267"
1989,NV,"29,340","57,529"
1990,NV,"32,023","59,839"
1991,NV,"32,937","59,386"
1992,NV,"31,908","56,135"
1993,NV,"35,814","61,457"
1994,NV,"35,871","60,296"
1995,NV,"36,084","59,227"
1996,NV,"38,540","61,617"
1997,NV,"38,854","60,805"
1998,NV,"39,756","61,385"
1999,NV,"41,461","62,683"
2000,NV,"45,758","66,909"
2001,NV,"45,403","64,552"
2002,NV,"44,958","62,928"
2003,NV,"45,184","61,840"
2004,NV,"47,204","62,905"
2005,NV,"48,209","62,139"
2006,NV,"52,282","65,273"
2007,NV,"54,058","65,629"
2008,NV,"54,744","64,004"
2009,NV,"51,434","60,344"
2010,NV,"51,200","59,094"
2011,NV,"47,043","52,637"
2012,NV,"47,333","51,863"
2013,NV,"51,846","55,979"
2014,NV,"49,875","52,954"
2015,NV,"52,008","55,123"
2016,NV,"55,431","58,003"
2017,NV,"58,041","59,456"
2018,NV,"61,864","61,864"
1984,NY,"22,027","50,846"
1985,NY,"23,639","52,756"
1986,NY,"25,025","54,889"
1987,NY,"26,384","55,945"
1988,NY,"28,915","59,174"
1989,NY,"31,496","61,756"
1990,NY,"31,591","59,032"
1991,NY,"31,794","57,325"
1992,NY,"31,051","54,627"
1993,NY,"31,697","54,392"
1994,NY,"31,899","53,619"
1995,NY,"33,028","54,211"
1996,NY,"35,410","56,613"
1997,NY,"35,798","56,022"
1998,NY,"37,394","57,738"
1999,NY,"39,989","60,458"
2000,NY,"40,744","59,577"
2001,NY,"42,114","59,876"
2002,NY,"41,966","58,740"
2003,NY,"42,788","58,560"
2004,NY,"44,649","59,500"
2005,NY,"47,176","60,808"
2006,NY,"48,222","60,204"
2007,NY,"48,944","59,421"
2008,NY,"50,461","58,996"
2009,NY,"50,216","58,915"
2010,NY,"49,781","57,456"
2011,NY,"50,636","56,657"
2012,NY,"47,680","52,243"
2013,NY,"49,966","53,949"
2014,NY,"54,310","57,662"
2015,NY,"58,005","61,480"
2016,NY,"61,437","64,288"
2017,NY,"61,543","63,043"
2018,NY,"67,274","67,274"
1984,OH,"23,123","53,376"
1985,OH,"25,174","56,182"
1986,OH,"25,115","55,086"
1987,OH,"25,773","54,649"
1988,OH,"27,740","56,770"
1989,OH,"29,021","56,903"
1990,OH,"30,013","56,083"
1991,OH,"29,790","53,712"
1992,OH,"31,404","55,248"
1993,OH,"31,285","53,685"
1994,OH,"31,855","53,545"
1995,OH,"34,941","57,351"
1996,OH,"34,070","54,471"
1997,OH,"36,134","56,548"
1998,OH,"38,925","60,102"
1999,OH,"39,489","59,702"
2000,OH,"42,962","62,821"
2001,OH,"41,785","59,408"
2002,OH,"42,684","59,745"
2003,OH,"43,520","59,562"
2004,OH,"43,055","57,376"
2005,OH,"44,203","56,975"
2006,OH,"45,900","57,305"
2007,OH,"49,099","59,609"
2008,OH,"46,934","54,873"
2009,OH,"45,879","53,826"
2010,OH,"45,886","52,961"
2011,OH,"44,648","49,957"
2012,OH,"44,375","48,622"
2013,OH,"50,748","54,793"
2014,OH,"49,644","52,708"
2015,OH,"53,301","56,494"
2016,OH,"53,985","56,490"
2017,OH,"60,688","62,167"
2018,OH,"61,633","61,633"
1984,OK,"21,148","48,817"
1985,OK,"21,205","47,324"
1986,OK,"20,948","45,946"
1987,OK,"21,691","45,994"
1988,OK,"23,667","48,434"
1989,OK,"23,667","46,405"
1990,OK,"24,384","45,564"
1991,OK,"25,462","45,909"
1992,OK,"25,284","44,482"
1993,OK,"26,260","45,062"
1994,OK,"26,991","45,369"
1995,OK,"26,311","43,186"
1996,OK,"27,437","43,866"
1997,OK,"31,351","49,063"
1998,OK,"33,727","52,076"
1999,OK,"32,683","49,412"
2000,OK,"32,432","47,423"
2001,OK,"35,609","50,627"
2002,OK,"36,458","51,030"
2003,OK,"35,902","49,136"
2004,OK,"39,614","52,790"
2005,OK,"37,645","48,523"
2006,OK,"38,838","48,488"
2007,OK,"43,216","52,466"
2008,OK,"46,111","53,910"
2009,OK,"45,878","53,825"
2010,OK,"43,103","49,749"
2011,OK,"48,455","54,217"
2012,OK,"48,407","53,040"
2013,OK,"46,162","49,841"
2014,OK,"47,199","50,113"
2015,OK,"47,077","49,897"
2016,OK,"50,943","53,307"
2017,OK,"51,882","53,147"
2018,OK,"54,434","54,434"
1984,OR,"21,399","49,397"
1985,OR,"21,894","48,862"
1986,OR,"24,773","54,336"
1987,OR,"25,038","53,091"
1988,OR,"27,748","56,786"
1989,OR,"28,529","55,939"
1990,OR,"29,281","54,715"
1991,OR,"30,190","54,433"
1992,OR,"31,927","56,168"
1993,OR,"33,138","56,865"
1994,OR,"31,456","52,875"
1995,OR,"36,374","59,703"
1996,OR,"35,492","56,744"
1997,OR,"37,247","58,290"
1998,OR,"39,067","60,321"
1999,OR,"40,619","61,410"
2000,OR,"42,499","62,144"
2001,OR,"41,273","58,680"
2002,OR,"41,802","58,510"
2003,OR,"41,638","56,986"
2004,OR,"40,994","54,629"
2005,OR,"44,159","56,919"
2006,OR,"47,091","58,792"
2007,OR,"50,236","60,989"
2008,OR,"51,727","60,476"
2009,OR,"49,098","57,603"
2010,OR,"50,602","58,404"
2011,OR,"51,526","57,653"
2012,OR,"51,775","56,730"
2013,OR,"48,999","52,905"
2014,OR,"58,875","62,509"
2015,OR,"60,834","64,478"
2016,OR,"59,135","61,879"
2017,OR,"62,498","64,021"
2018,OR,"69,165","69,165"
1984,PA,"20,346","46,966"
1985,PA,"22,877","51,056"
1986,PA,"23,807","52,217"
1987,PA,"25,424","53,909"
1988,PA,"26,742","54,727"
1989,PA,"28,690","56,254"
1990,PA,"29,005","54,199"
1991,PA,"30,367","54,752"
1992,PA,"29,882","52,571"
1993,PA,"30,995","53,188"
1994,PA,"32,066","53,900"
1995,PA,"34,524","56,667"
1996,PA,"34,899","55,796"
1997,PA,"37,517","58,713"
1998,PA,"39,015","60,241"
1999,PA,"37,758","57,085"
2000,PA,"42,176","61,671"
2001,PA,"43,499","61,845"
2002,PA,"42,498","59,484"
2003,PA,"42,933","58,759"
2004,PA,"44,106","58,776"
2005,PA,"46,300","59,678"
2006,PA,"48,477","60,523"
2007,PA,"48,437","58,805"
2008,PA,"51,402","60,096"
2009,PA,"48,172","56,517"
2010,PA,"48,314","55,763"
2011,PA,"49,910","55,845"
2012,PA,"51,904","56,871"
2013,PA,"55,156","59,552"
2014,PA,"55,173","58,579"
2015,PA,"60,389","64,006"
2016,PA,"60,979","63,809"
2017,PA,"61,285","62,779"
2018,PA,"64,524","64,524"
1984,RI,"21,612","49,888"
1985,RI,"24,625","54,957"
1986,RI,"26,540","58,212"
1987,RI,"28,292","59,991"
1988,RI,"29,842","61,071"
1989,RI,"30,124","59,066"
1990,RI,"31,968","59,736"
1991,RI,"30,836","55,598"
1992,RI,"30,432","53,538"
1993,RI,"33,509","57,502"
1994,RI,"31,928","53,668"
1995,RI,"35,359","58,037"
1996,RI,"36,986","59,133"
1997,RI,"34,797","54,456"
1998,RI,"40,686","62,821"
1999,RI,"42,719","64,585"
2000,RI,"42,197","61,702"
2001,RI,"45,723","65,007"
2002,RI,"42,417","59,371"
2003,RI,"44,711","61,192"
2004,RI,"47,935","63,879"
2005,RI,"49,484","63,782"
2006,RI,"53,736","67,088"
2007,RI,"54,210","65,814"
2008,RI,"53,241","62,246"
2009,RI,"51,634","60,578"
2010,RI,"51,623","59,582"
2011,RI,"49,033","54,864"
2012,RI,"56,065","61,431"
2013,RI,"56,323","60,812"
2014,RI,"58,633","62,252"
2015,RI,"55,701","59,038"
2016,RI,"61,528","64,383"
2017,RI,"65,401","66,995"
2018,RI,"62,266","62,266"
1984,SC,"20,309","46,881"
1985,SC,"20,036","44,715"
1986,SC,"21,968","48,184"
1987,SC,"25,049","53,114"
1988,SC,"25,533","52,253"
1989,SC,"23,798","46,662"
1990,SC,"28,735","53,695"
1991,SC,"27,463","49,516"
1992,SC,"27,578","48,517"
1993,SC,"26,053","44,707"
1994,SC,"29,846","50,168"
1995,SC,"29,071","47,716"
1996,SC,"34,665","55,422"
1997,SC,"34,262","53,619"
1998,SC,"33,267","51,366"
1999,SC,"36,462","55,125"
2000,SC,"37,570","54,936"
2001,SC,"37,736","53,652"
2002,SC,"37,812","52,925"
2003,SC,"38,479","52,663"
2004,SC,"38,691","51,560"
2005,SC,"40,230","51,854"
2006,SC,"39,617","49,461"
2007,SC,"44,213","53,677"
2008,SC,"42,155","49,285"
2009,SC,"41,101","48,221"
2010,SC,"41,698","48,127"
2011,SC,"40,084","44,850"
2012,SC,"44,401","48,650"
2013,SC,"43,563","47,035"
2014,SC,"44,929","47,702"
2015,SC,"46,360","49,137"
2016,SC,"54,336","56,858"
2017,SC,"54,537","55,866"
2018,SC,"57,444","57,444"
1984,SD,"19,409","44,803"
1985,SD,"18,142","40,488"
1986,SD,"19,898","43,643"
1987,SD,"21,151","44,849"
1988,SD,"22,294","45,624"
1989,SD,"24,108","47,270"
1990,SD,"24,571","45,914"
1991,SD,"24,639","44,425"
1992,SD,"26,259","46,197"
1993,SD,"27,737","47,597"
1994,SD,"29,733","49,978"
1995,SD,"29,578","48,548"
1996,SD,"29,526","47,206"
1997,SD,"29,694","46,470"
1998,SD,"32,786","50,623"
1999,SD,"35,828","54,167"
2000,SD,"36,475","53,335"
2001,SD,"39,671","56,403"
2002,SD,"37,873","53,011"
2003,SD,"39,522","54,090"
2004,SD,"41,107","54,780"
2005,SD,"43,151","55,620"
2006,SD,"45,427","56,715"
2007,SD,"46,418","56,354"
2008,SD,"51,600","60,328"
2009,SD,"45,826","53,764"
2010,SD,"45,352","52,344"
2011,SD,"47,223","52,838"
2012,SD,"49,415","54,144"
2013,SD,"53,413","57,670"
2014,SD,"53,053","56,328"
2015,SD,"55,065","58,364"
2016,SD,"57,450","60,116"
2017,SD,"56,914","58,301"
2018,SD,"59,463","59,463"
1984,TN,"16,782","38,739"
1985,TN,"17,778","39,676"
1986,TN,"18,256","40,042"
1987,TN,"21,179","44,908"
1988,TN,"20,856","42,682"
1989,TN,"22,611","44,335"
1990,TN,"22,592","42,216"
1991,TN,"24,453","44,089"
1992,TN,"24,318","42,782"
1993,TN,"25,102","43,075"
1994,TN,"28,639","48,140"
1995,TN,"29,015","47,624"
1996,TN,"30,790","49,227"
1997,TN,"30,636","47,944"
1998,TN,"34,091","52,638"
1999,TN,"36,522","55,216"
2000,TN,"34,096","49,856"
2001,TN,"35,783","50,875"
2002,TN,"37,030","51,831"
2003,TN,"37,523","51,355"
2004,TN,"38,072","50,735"
2005,TN,"39,406","50,792"
2006,TN,"40,693","50,804"
2007,TN,"41,195","50,013"
2008,TN,"39,702","46,417"
2009,TN,"40,517","47,535"
2010,TN,"38,591","44,541"
2011,TN,"42,279","47,306"
2012,TN,"42,995","47,110"
2013,TN,"43,361","46,817"
2014,TN,"43,716","46,415"
2015,TN,"47,330","50,165"
2016,TN,"51,344","53,727"
2017,TN,"55,306","56,654"
2018,TN,"56,060","56,060"
1984,TX,"23,024","53,148"
1985,TX,"23,743","52,988"
1986,TX,"24,162","52,996"
1987,TX,"24,721","52,419"
1988,TX,"24,963","51,086"
1989,TX,"25,886","50,756"
1990,TX,"28,228","52,747"
1991,TX,"27,733","50,003"
1992,TX,"27,953","49,177"
1993,TX,"28,727","49,296"
1994,TX,"30,755","51,696"
1995,TX,"32,039","52,588"
1996,TX,"33,072","52,875"
1997,TX,"35,075","54,891"
1998,TX,"35,783","55,251"
1999,TX,"38,688","58,491"
2000,TX,"38,609","56,456"
2001,TX,"40,860","58,093"
2002,TX,"40,149","56,196"
2003,TX,"39,271","53,747"
2004,TX,"41,397","55,166"
2005,TX,"41,422","53,391"
2006,TX,"43,307","54,068"
2007,TX,"46,053","55,911"
2008,TX,"46,490","54,353"
2009,TX,"47,475","55,699"
2010,TX,"47,266","54,554"
2011,TX,"49,047","54,879"
2012,TX,"51,926","56,896"
2013,TX,"51,406","55,503"
2014,TX,"53,875","57,201"
2015,TX,"56,473","59,856"
2016,TX,"58,146","60,844"
2017,TX,"60,092","61,557"
2018,TX,"59,785","59,785"
1984,UT,"23,057","53,224"
1985,UT,"25,238","56,325"
1986,UT,"26,281","57,644"
1987,UT,"26,529","56,252"
1988,UT,"26,313","53,849"
1989,UT,"30,717","60,229"
1990,UT,"30,142","56,324"
1991,UT,"28,016","50,513"
1992,UT,"34,251","60,257"
1993,UT,"35,786","61,409"
1994,UT,"35,716","60,035"
1995,UT,"36,480","59,877"
1996,UT,"37,038","59,216"
1997,UT,"42,775","66,941"
1998,UT,"44,299","68,400"
1999,UT,"46,050","69,621"
2000,UT,"47,550","69,529"
2001,UT,"47,342","67,309"
2002,UT,"47,861","66,991"
2003,UT,"49,275","67,439"
2004,UT,"50,871","67,791"
2005,UT,"54,813","70,651"
2006,UT,"54,628","68,202"
2007,UT,"53,529","64,987"
2008,UT,"62,537","73,115"
2009,UT,"58,491","68,623"
2010,UT,"56,701","65,443"
2011,UT,"55,493","62,092"
2012,UT,"58,341","63,924"
2013,UT,"61,047","65,913"
2014,UT,"63,383","67,296"
2015,UT,"66,258","70,227"
2016,UT,"67,481","70,613"
2017,UT,"69,789","71,490"
2018,UT,"77,067","77,067"
1984,VA,"26,525","61,229"
1985,VA,"28,429","63,446"
1986,VA,"29,715","65,176"
1987,VA,"29,996","63,604"
1988,VA,"32,648","66,814"
1989,VA,"34,118","66,897"
1990,VA,"35,073","65,538"
1991,VA,"36,137","65,156"
1992,VA,"38,198","67,201"
1993,VA,"36,433","62,519"
1994,VA,"37,647","63,281"
1995,VA,"36,222","59,454"
1996,VA,"39,211","62,690"
1997,VA,"42,957","67,226"
1998,VA,"43,354","66,941"
1999,VA,"45,693","69,081"
2000,VA,"47,163","68,964"
2001,VA,"50,241","71,431"
2002,VA,"49,631","69,468"
2003,VA,"54,783","74,977"
2004,VA,"51,141","68,151"
2005,VA,"51,914","66,915"
2006,VA,"57,119","71,312"
2007,VA,"59,161","71,824"
2008,VA,"61,985","72,469"
2009,VA,"60,501","70,981"
2010,VA,"60,367","69,675"
2011,VA,"62,616","70,062"
2012,VA,"64,632","70,818"
2013,VA,"65,907","71,160"
2014,VA,"66,155","70,239"
2015,VA,"61,486","65,169"
2016,VA,"66,451","69,535"
2017,VA,"70,811","72,537"
2018,VA,"77,151","77,151"
1984,VT,"22,578","52,118"
1985,VT,"26,000","58,025"
1986,VT,"24,599","53,954"
1987,VT,"25,415","53,890"
1988,VT,"28,988","59,324"
1989,VT,"31,295","61,362"
1990,VT,"31,098","58,110"
1991,VT,"29,155","52,567"
1992,VT,"32,755","57,625"
1993,VT,"31,065","53,308"
1994,VT,"35,802","60,180"
1995,VT,"33,824","55,518"
1996,VT,"32,358","51,734"
1997,VT,"35,053","54,857"
1998,VT,"39,372","60,792"
1999,VT,"41,584","62,869"
2000,VT,"39,594","57,896"
2001,VT,"40,794","57,999"
2002,VT,"42,999","60,186"
2003,VT,"43,261","59,208"
2004,VT,"47,329","63,071"
2005,VT,"50,704","65,355"
2006,VT,"51,981","64,897"
2007,VT,"47,390","57,534"
2008,VT,"50,706","59,283"
2009,VT,"52,318","61,381"
2010,VT,"55,928","64,551"
2011,VT,"51,862","58,029"
2012,VT,"55,582","60,901"
2013,VT,"65,513","70,735"
2014,VT,"60,708","64,455"
2015,VT,"59,494","63,058"
2016,VT,"60,837","63,660"
2017,VT,"63,682","65,234"
2018,VT,"70,066","70,066"
1984,WA,"25,017","57,748"
1985,WA,"24,000","53,562"
1986,WA,"26,881","58,960"
1987,WA,"27,319","57,928"
1988,WA,"32,327","66,157"
1989,WA,"31,961","62,668"
1990,WA,"32,112","60,005"
1991,WA,"33,970","61,249"
1992,WA,"33,900","59,639"
1993,WA,"35,655","61,184"
1994,WA,"33,533","56,366"
1995,WA,"35,568","58,380"
1996,WA,"36,676","58,637"
1997,WA,"44,562","69,738"
1998,WA,"47,421","73,220"
1999,WA,"45,473","68,749"
2000,WA,"42,525","62,182"
2001,WA,"42,490","60,411"
2002,WA,"45,183","63,243"
2003,WA,"47,508","65,020"
2004,WA,"49,922","66,527"
2005,WA,"50,646","65,280"
2006,WA,"54,723","68,321"
2007,WA,"58,080","70,512"
2008,WA,"56,631","66,210"
2009,WA,"60,392","70,853"
2010,WA,"56,163","64,822"
2011,WA,"56,850","63,610"
2012,WA,"62,187","68,139"
2013,WA,"63,922","69,017"
2014,WA,"59,068","62,714"
2015,WA,"67,243","71,271"
2016,WA,"70,310","73,573"
2017,WA,"71,540","73,284"
2018,WA,"79,726","79,726"
1984,WI,"20,743","47,882"
1985,WI,"23,246","51,879"
1986,WI,"26,430","57,970"
1987,WI,"26,369","55,913"
1988,WI,"29,575","60,525"
1989,WI,"29,123","57,103"
1990,WI,"30,711","57,387"
1991,WI,"31,133","56,134"
1992,WI,"33,308","58,598"
1993,WI,"31,766","54,511"
1994,WI,"35,388","59,484"
1995,WI,"40,955","67,222"
1996,WI,"40,001","63,953"
1997,WI,"39,595","61,965"
1998,WI,"41,327","63,811"
1999,WI,"45,667","69,042"
2000,WI,"45,088","65,929"
2001,WI,"45,346","64,471"
2002,WI,"45,903","64,250"
2003,WI,"46,269","63,324"
2004,WI,"45,732","60,943"
2005,WI,"44,650","57,552"
2006,WI,"51,692","64,536"
2007,WI,"51,277","62,253"
2008,WI,"51,200","59,860"
2009,WI,"51,237","60,112"
2010,WI,"50,351","58,114"
2011,WI,"52,058","58,248"
2012,WI,"53,079","58,159"
2013,WI,"51,726","55,849"
2014,WI,"58,080","61,665"
2015,WI,"55,425","58,745"
2016,WI,"59,817","62,593"
2017,WI,"63,482","65,029"
2018,WI,"62,629","62,629"
1984,WV,"16,843","38,880"
1985,WV,"15,983","35,670"
1986,WV,"16,464","36,111"
1987,WV,"17,207","36,486"
1988,WV,"19,353","39,606"
1989,WV,"21,677","42,503"
1990,WV,"22,137","41,366"
1991,WV,"23,147","41,735"
1992,WV,"20,271","35,662"
1993,WV,"22,421","38,475"
1994,WV,"23,564","39,609"
1995,WV,"24,880","40,837"
1996,WV,"25,247","40,365"
1997,WV,"27,488","43,018"
1998,WV,"26,704","41,232"
1999,WV,"29,297","44,293"
2000,WV,"29,411","43,006"
2001,WV,"29,673","42,188"
2002,WV,"29,359","41,094"
2003,WV,"32,763","44,840"
2004,WV,"33,373","44,473"
2005,WV,"36,445","46,976"
2006,WV,"38,419","47,965"
2007,WV,"42,091","51,101"
2008,WV,"37,994","44,420"
2009,WV,"40,490","47,504"
2010,WV,"42,777","49,372"
2011,WV,"41,821","46,794"
2012,WV,"43,553","47,721"
2013,WV,"43,069","46,502"
2014,WV,"39,552","41,993"
2015,WV,"42,824","45,389"
2016,WV,"44,354","46,412"
2017,WV,"46,957","48,102"
2018,WV,"50,573","50,573"
1984,WY,"23,816","54,976"
1985,WY,"22,081","49,279"
1986,WY,"23,559","51,673"
1987,WY,"27,590","58,502"
1988,WY,"26,419","54,066"
1989,WY,"29,521","57,884"
1990,WY,"29,460","55,050"
1991,WY,"29,050","52,378"
1992,WY,"30,209","53,146"
1993,WY,"29,442","50,523"
1994,WY,"33,140","55,705"
1995,WY,"31,529","51,751"
1996,WY,"30,953","49,487"
1997,WY,"33,423","52,306"
1998,WY,"35,250","54,428"
1999,WY,"37,248","56,314"
2000,WY,"39,629","57,947"
2001,WY,"39,719","56,471"
2002,WY,"39,763","55,656"
2003,WY,"42,555","58,241"
2004,WY,"45,397","60,497"
2005,WY,"44,718","57,639"
2006,WY,"47,041","58,730"
2007,WY,"48,744","59,178"
2008,WY,"53,337","62,359"
2009,WY,"52,470","61,559"
2010,WY,"52,201","60,249"
2011,WY,"54,509","60,991"
2012,WY,"57,512","63,016"
2013,WY,"67,441","72,817"
2014,WY,"55,690","59,128"
2015,WY,"60,925","64,575"
2016,WY,"57,829","60,513"
2017,WY,"59,536","60,987"
2018,WY,"62,539","62,539"
